,0,1,2,3,4,5,6,7,8,9,10,11,12,13,14,15,16,17,18,19,20,21,22,23
2,54.0,18.0,6.0,2.0,2.0,30.0,66.0,234.0,328.0,307.0,523.0,617.0,627.0,714.0,714.0,729.0,771.0,855.0,613.0,548.0,424.0,307.0,140.0,104.0
3,43.0,19.0,3.0,4.0,1.0,10.0,41.0,111.0,179.0,336.0,558.0,1180.0,1710.0,2163.0,2066.0,2432.0,2581.0,1413.0,760.0,538.0,381.0,389.0,366.0,167.0
4,51.0,7.0,5.0,3.0,3.0,17.0,168.0,236.0,396.0,427.0,582.0,817.0,937.0,985.0,1032.0,959.0,1126.0,1508.0,1188.0,876.0,502.0,229.0,126.0,86.0
5,23.0,9.0,11.0,4.0,6.0,20.0,181.0,273.0,532.0,332.0,206.0,235.0,262.0,282.0,219.0,272.0,456.0,642.0,371.0,342.0,263.0,236.0,164.0,83.0
6,66.0,22.0,5.0,2.0,0.0,26.0,93.0,244.0,437.0,462.0,647.0,1095.0,974.0,1132.0,1134.0,1116.0,1164.0,1257.0,995.0,701.0,497.0,405.0,311.0,191.0
7,17.0,2.0,8.0,1.0,30.0,117.0,190.0,546.0,1075.0,556.0,314.0,328.0,347.0,330.0,265.0,317.0,494.0,1047.0,683.0,352.0,186.0,97.0,74.0,30.0
9,2.0,4.0,2.0,1.0,0.0,3.0,121.0,74.0,7.0,5.0,12.0,5.0,14.0,42.0,19.0,27.0,110.0,63.0,11.0,19.0,19.0,19.0,18.0,9.0
11,1.0,2.0,0.0,0.0,2.0,1.0,1.0,3.0,7.0,6.0,12.0,38.0,31.0,12.0,8.0,7.0,17.0,6.0,9.0,13.0,4.0,7.0,10.0,3.0
12,3.0,2.0,2.0,1.0,5.0,6.0,8.0,8.0,10.0,28.0,26.0,47.0,57.0,40.0,43.0,39.0,28.0,33.0,44.0,31.0,18.0,21.0,10.0,1.0
13,62.0,21.0,8.0,2.0,3.0,75.0,315.0,376.0,353.0,199.0,245.0,257.0,264.0,347.0,359.0,417.0,777.0,1732.0,1392.0,872.0,527.0,332.0,232.0,172.0
14,27.0,12.0,3.0,9.0,51.0,7.0,33.0,280.0,340.0,190.0,110.0,121.0,146.0,183.0,155.0,171.0,139.0,136.0,96.0,83.0,87.0,81.0,63.0,41.0
15,11.0,5.0,11.0,4.0,2.0,24.0,127.0,411.0,626.0,351.0,179.0,122.0,117.0,92.0,124.0,94.0,328.0,171.0,132.0,126.0,92.0,59.0,62.0,41.0
16,37.0,28.0,7.0,4.0,4.0,124.0,222.0,705.0,641.0,376.0,117.0,152.0,174.0,160.0,141.0,136.0,176.0,481.0,450.0,391.0,210.0,163.0,106.0,68.0
17,34.0,10.0,4.0,0.0,1.0,70.0,149.0,615.0,1090.0,281.0,162.0,175.0,158.0,147.0,177.0,196.0,206.0,388.0,379.0,273.0,225.0,135.0,126.0,87.0
18,16.0,6.0,5.0,6.0,3.0,43.0,201.0,1599.0,4293.0,1133.0,355.0,773.0,921.0,564.0,574.0,819.0,1973.0,1932.0,626.0,320.0,235.0,172.0,203.0,41.0
19,67.0,29.0,9.0,3.0,6.0,83.0,405.0,813.0,642.0,436.0,360.0,300.0,409.0,368.0,357.0,354.0,385.0,621.0,587.0,467.0,297.0,275.0,196.0,124.0
20,43.0,30.0,19.0,12.0,9.0,5.0,130.0,210.0,291.0,246.0,165.0,193.0,283.0,320.0,298.0,380.0,689.0,875.0,753.0,714.0,437.0,267.0,160.0,122.0
21,14.0,3.0,2.0,2.0,131.0,227.0,312.0,506.0,905.0,458.0,264.0,378.0,393.0,403.0,340.0,530.0,719.0,870.0,490.0,430.0,282.0,216.0,95.0,82.0
22,77.0,37.0,16.0,9.0,23.0,66.0,168.0,294.0,791.0,468.0,312.0,272.0,425.0,471.0,525.0,528.0,463.0,607.0,584.0,533.0,404.0,316.0,207.0,147.0
23,4.0,7.0,4.0,3.0,6.0,62.0,141.0,354.0,1050.0,256.0,88.0,87.0,115.0,107.0,72.0,115.0,120.0,206.0,184.0,168.0,151.0,72.0,47.0,17.0
24,61.0,51.0,40.0,17.0,6.0,106.0,296.0,766.0,1531.0,890.0,573.0,550.0,725.0,715.0,701.0,805.0,1894.0,2030.0,1376.0,844.0,593.0,580.0,305.0,171.0
25,44.0,24.0,13.0,6.0,4.0,42.0,58.0,118.0,282.0,240.0,317.0,434.0,508.0,548.0,700.0,637.0,964.0,1256.0,777.0,503.0,392.0,336.0,179.0,83.0
26,96.0,31.0,25.0,24.0,47.0,243.0,988.0,1833.0,1825.0,1170.0,698.0,755.0,856.0,867.0,729.0,876.0,1363.0,1840.0,1440.0,978.0,531.0,440.0,298.0,205.0
27,8.0,1.0,4.0,2.0,17.0,120.0,221.0,387.0,517.0,249.0,154.0,185.0,161.0,134.0,115.0,100.0,114.0,264.0,272.0,168.0,118.0,72.0,44.0,22.0
28,12.0,5.0,1.0,0.0,5.0,24.0,295.0,855.0,853.0,134.0,91.0,118.0,167.0,97.0,102.0,111.0,152.0,326.0,314.0,205.0,153.0,65.0,41.0,25.0
29,16.0,5.0,6.0,6.0,5.0,49.0,273.0,646.0,1678.0,217.0,98.0,145.0,177.0,184.0,218.0,173.0,337.0,585.0,423.0,289.0,181.0,118.0,70.0,32.0
30,9.0,11.0,1.0,2.0,9.0,79.0,346.0,921.0,924.0,221.0,148.0,113.0,120.0,110.0,146.0,109.0,127.0,192.0,265.0,158.0,116.0,76.0,45.0,40.0
31,51.0,30.0,8.0,6.0,48.0,138.0,234.0,879.0,940.0,455.0,389.0,547.0,690.0,515.0,512.0,722.0,1456.0,2238.0,1112.0,634.0,298.0,169.0,120.0,96.0
32,13.0,3.0,6.0,0.0,3.0,37.0,262.0,332.0,561.0,343.0,257.0,402.0,434.0,419.0,425.0,431.0,746.0,597.0,199.0,141.0,116.0,74.0,56.0,23.0
33,42.0,16.0,11.0,5.0,0.0,19.0,125.0,338.0,583.0,394.0,364.0,524.0,580.0,749.0,613.0,759.0,1561.0,2283.0,874.0,466.0,370.0,226.0,141.0,117.0
34,18.0,6.0,2.0,1.0,3.0,16.0,22.0,124.0,140.0,191.0,203.0,290.0,341.0,348.0,377.0,482.0,442.0,540.0,326.0,234.0,189.0,72.0,57.0,25.0
35,163.0,71.0,48.0,13.0,11.0,276.0,350.0,751.0,1075.0,1316.0,2171.0,3315.0,4103.0,4733.0,5145.0,5687.0,5933.0,5374.0,3965.0,3062.0,2023.0,1465.0,969.0,327.0
36,22.0,9.0,12.0,6.0,5.0,83.0,496.0,1164.0,2570.0,549.0,532.0,830.0,963.0,953.0,852.0,1479.0,2848.0,3076.0,1038.0,538.0,326.0,235.0,95.0,50.0
37,36.0,11.0,4.0,2.0,31.0,12.0,99.0,415.0,672.0,563.0,374.0,605.0,809.0,938.0,826.0,1063.0,1949.0,1984.0,676.0,412.0,227.0,147.0,111.0,66.0
38,67.0,31.0,13.0,6.0,6.0,92.0,451.0,947.0,932.0,876.0,359.0,605.0,642.0,630.0,610.0,1089.0,1878.0,2445.0,801.0,553.0,363.0,252.0,184.0,130.0
39,48.0,21.0,12.0,13.0,6.0,39.0,198.0,373.0,284.0,257.0,253.0,513.0,521.0,599.0,814.0,772.0,1880.0,1843.0,539.0,296.0,188.0,161.0,89.0,83.0
40,33.0,12.0,13.0,1.0,4.0,5.0,27.0,60.0,101.0,161.0,215.0,451.0,581.0,501.0,544.0,867.0,2241.0,4701.0,1541.0,318.0,146.0,151.0,86.0,63.0
41,19.0,2.0,24.0,7.0,12.0,163.0,401.0,1454.0,1237.0,558.0,394.0,411.0,639.0,708.0,356.0,360.0,568.0,725.0,720.0,487.0,330.0,232.0,149.0,66.0
42,15.0,11.0,9.0,4.0,10.0,25.0,46.0,102.0,119.0,158.0,79.0,98.0,93.0,84.0,85.0,137.0,128.0,382.0,291.0,132.0,59.0,47.0,55.0,19.0
43,82.0,53.0,11.0,11.0,5.0,324.0,519.0,1420.0,1793.0,767.0,625.0,872.0,891.0,1121.0,1147.0,1554.0,4878.0,8076.0,2813.0,1297.0,661.0,474.0,271.0,174.0
44,52.0,34.0,7.0,17.0,12.0,36.0,246.0,471.0,904.0,558.0,399.0,468.0,732.0,717.0,650.0,714.0,1974.0,2947.0,1215.0,710.0,550.0,379.0,313.0,170.0
45,49.0,24.0,5.0,3.0,5.0,7.0,139.0,408.0,388.0,291.0,393.0,440.0,416.0,448.0,408.0,642.0,586.0,1062.0,644.0,321.0,272.0,176.0,139.0,80.0
46,16.0,5.0,1.0,2.0,8.0,120.0,312.0,516.0,1273.0,462.0,165.0,203.0,233.0,196.0,199.0,247.0,418.0,528.0,462.0,275.0,159.0,123.0,60.0,42.0
47,77.0,52.0,24.0,18.0,7.0,24.0,166.0,322.0,736.0,454.0,502.0,776.0,813.0,695.0,1214.0,1441.0,2535.0,2665.0,1178.0,615.0,410.0,313.0,274.0,231.0
48,17.0,8.0,2.0,0.0,2.0,54.0,322.0,1033.0,1506.0,509.0,381.0,1224.0,1187.0,772.0,802.0,1255.0,4535.0,3964.0,1470.0,644.0,257.0,112.0,79.0,55.0
49,70.0,22.0,10.0,10.0,141.0,71.0,119.0,357.0,378.0,371.0,423.0,1194.0,1336.0,1207.0,1041.0,1483.0,3705.0,2725.0,1124.0,718.0,494.0,348.0,253.0,115.0
50,30.0,12.0,14.0,9.0,0.0,55.0,1078.0,1093.0,1627.0,464.0,214.0,301.0,275.0,224.0,284.0,471.0,1149.0,1669.0,929.0,349.0,113.0,105.0,44.0,42.0
51,34.0,19.0,3.0,4.0,3.0,92.0,126.0,332.0,712.0,628.0,494.0,706.0,951.0,863.0,760.0,1134.0,2590.0,2684.0,921.0,491.0,303.0,163.0,191.0,79.0
52,123.0,38.0,28.0,4.0,42.0,76.0,287.0,462.0,601.0,580.0,454.0,753.0,1003.0,1080.0,1077.0,1703.0,4623.0,2566.0,1023.0,632.0,417.0,361.0,215.0,169.0
53,35.0,27.0,14.0,4.0,11.0,102.0,602.0,1099.0,1244.0,521.0,317.0,447.0,659.0,701.0,565.0,708.0,1585.0,2219.0,1152.0,636.0,447.0,311.0,252.0,134.0
54,28.0,15.0,4.0,5.0,2.0,47.0,168.0,397.0,939.0,425.0,242.0,320.0,262.0,226.0,204.0,289.0,518.0,997.0,679.0,356.0,231.0,160.0,99.0,55.0
55,14.0,5.0,3.0,2.0,4.0,1.0,73.0,97.0,199.0,174.0,198.0,163.0,206.0,249.0,264.0,450.0,482.0,398.0,324.0,266.0,168.0,117.0,60.0,33.0
56,28.0,16.0,11.0,4.0,8.0,233.0,763.0,1684.0,2022.0,802.0,373.0,482.0,606.0,526.0,396.0,480.0,896.0,1803.0,1711.0,1013.0,524.0,334.0,192.0,122.0
57,41.0,18.0,12.0,11.0,10.0,60.0,56.0,134.0,210.0,146.0,188.0,251.0,337.0,309.0,310.0,258.0,393.0,506.0,534.0,502.0,380.0,282.0,110.0,51.0
58,24.0,7.0,4.0,1.0,3.0,26.0,411.0,1487.0,2104.0,474.0,289.0,284.0,295.0,316.0,285.0,409.0,1236.0,2392.0,2094.0,712.0,292.0,241.0,246.0,80.0
59,128.0,54.0,28.0,11.0,8.0,192.0,777.0,874.0,2506.0,852.0,540.0,629.0,679.0,734.0,664.0,747.0,1112.0,1817.0,1394.0,982.0,673.0,501.0,322.0,232.0
60,57.0,20.0,7.0,5.0,129.0,66.0,287.0,419.0,741.0,321.0,197.0,278.0,348.0,340.0,321.0,400.0,510.0,1024.0,751.0,542.0,465.0,383.0,256.0,136.0
61,74.0,43.0,5.0,10.0,16.0,54.0,181.0,822.0,971.0,315.0,134.0,228.0,240.0,252.0,270.0,267.0,352.0,710.0,741.0,608.0,385.0,241.0,192.0,118.0
62,17.0,13.0,7.0,0.0,0.0,22.0,132.0,69.0,135.0,226.0,310.0,327.0,356.0,297.0,330.0,355.0,528.0,586.0,351.0,196.0,126.0,82.0,88.0,29.0
66,34.0,22.0,12.0,4.0,13.0,175.0,874.0,1832.0,3138.0,1242.0,398.0,799.0,921.0,639.0,705.0,910.0,2055.0,3594.0,1588.0,720.0,350.0,219.0,158.0,106.0
67,55.0,28.0,9.0,10.0,8.0,59.0,188.0,323.0,375.0,292.0,274.0,428.0,521.0,567.0,632.0,841.0,1591.0,2113.0,1293.0,880.0,630.0,485.0,286.0,170.0
68,40.0,4.0,1.0,1.0,5.0,11.0,220.0,517.0,1037.0,478.0,223.0,280.0,314.0,223.0,210.0,520.0,824.0,1197.0,506.0,206.0,123.0,54.0,25.0,23.0
69,125.0,59.0,35.0,23.0,7.0,73.0,333.0,744.0,849.0,476.0,389.0,438.0,502.0,493.0,520.0,584.0,915.0,1806.0,1318.0,1043.0,769.0,599.0,424.0,270.0
71,81.0,22.0,23.0,5.0,8.0,41.0,462.0,951.0,805.0,528.0,350.0,467.0,639.0,626.0,567.0,682.0,1980.0,2423.0,1276.0,788.0,438.0,344.0,235.0,139.0
72,14.0,2.0,1.0,2.0,11.0,76.0,409.0,836.0,1575.0,633.0,385.0,291.0,349.0,369.0,197.0,237.0,322.0,521.0,365.0,218.0,172.0,98.0,50.0,32.0
73,10.0,36.0,1.0,2.0,10.0,33.0,212.0,599.0,1439.0,612.0,275.0,349.0,403.0,351.0,276.0,453.0,723.0,1127.0,589.0,316.0,157.0,86.0,53.0,38.0
74,8.0,11.0,8.0,5.0,15.0,284.0,1012.0,2085.0,1766.0,818.0,455.0,487.0,588.0,587.0,574.0,567.0,1269.0,2626.0,1370.0,789.0,435.0,227.0,144.0,64.0
75,20.0,5.0,1.0,1.0,1.0,265.0,1204.0,3512.0,3372.0,923.0,384.0,604.0,565.0,420.0,362.0,720.0,1578.0,3775.0,1514.0,577.0,209.0,135.0,50.0,42.0
76,113.0,45.0,16.0,14.0,3.0,29.0,114.0,322.0,546.0,791.0,1594.0,2064.0,2324.0,2565.0,2757.0,2702.0,2797.0,2841.0,2210.0,1539.0,1046.0,788.0,471.0,276.0
77,76.0,21.0,10.0,14.0,10.0,118.0,2574.0,5883.0,7104.0,2070.0,695.0,924.0,1079.0,1177.0,1082.0,1421.0,3422.0,6300.0,3425.0,1550.0,658.0,431.0,240.0,131.0
80,10.0,4.0,6.0,0.0,8.0,250.0,940.0,1161.0,1363.0,436.0,189.0,248.0,364.0,267.0,211.0,198.0,435.0,873.0,716.0,415.0,295.0,151.0,72.0,45.0
81,44.0,13.0,7.0,2.0,11.0,95.0,362.0,439.0,918.0,653.0,763.0,1071.0,1276.0,1190.0,1026.0,1317.0,3793.0,9475.0,3273.0,978.0,561.0,353.0,278.0,193.0
84,70.0,22.0,25.0,11.0,5.0,144.0,501.0,1059.0,1667.0,669.0,203.0,268.0,373.0,349.0,290.0,358.0,551.0,1267.0,976.0,549.0,324.0,244.0,158.0,122.0
85,98.0,36.0,26.0,13.0,8.0,52.0,248.0,505.0,839.0,915.0,1283.0,1456.0,1560.0,1575.0,1815.0,2188.0,2685.0,3053.0,2129.0,1244.0,777.0,495.0,303.0,188.0
86,17.0,9.0,3.0,0.0,1.0,89.0,291.0,525.0,816.0,400.0,174.0,193.0,196.0,171.0,163.0,149.0,133.0,290.0,322.0,291.0,186.0,162.0,93.0,32.0
87,51.0,14.0,13.0,3.0,7.0,156.0,315.0,498.0,289.0,147.0,140.0,211.0,237.0,208.0,212.0,241.0,370.0,590.0,682.0,466.0,283.0,215.0,130.0,53.0
88,17.0,6.0,2.0,2.0,2.0,45.0,109.0,338.0,928.0,266.0,138.0,150.0,169.0,310.0,150.0,189.0,333.0,684.0,721.0,355.0,189.0,144.0,138.0,70.0
89,7.0,3.0,3.0,6.0,1.0,74.0,1742.0,2335.0,1760.0,601.0,167.0,248.0,298.0,315.0,167.0,700.0,1091.0,1175.0,579.0,246.0,97.0,274.0,56.0,26.0
90,113.0,52.0,23.0,16.0,15.0,38.0,49.0,203.0,395.0,610.0,815.0,1098.0,1364.0,1542.0,1650.0,1730.0,2223.0,3571.0,2077.0,1444.0,1033.0,760.0,509.0,299.0
91,159.0,5.0,0.0,2.0,3.0,94.0,5684.0,9545.0,9185.0,3440.0,1089.0,982.0,902.0,724.0,675.0,1000.0,3060.0,5935.0,3272.0,1438.0,450.0,218.0,92.0,41.0
92,4.0,3.0,1.0,1.0,2.0,48.0,180.0,437.0,1176.0,490.0,169.0,197.0,155.0,136.0,128.0,315.0,217.0,388.0,261.0,190.0,100.0,54.0,30.0,15.0
93,17.0,9.0,0.0,2.0,1.0,151.0,286.0,441.0,505.0,216.0,149.0,166.0,264.0,248.0,209.0,271.0,734.0,643.0,661.0,505.0,324.0,222.0,109.0,53.0
94,54.0,27.0,25.0,12.0,12.0,277.0,558.0,1449.0,1682.0,741.0,587.0,699.0,703.0,809.0,782.0,825.0,908.0,1237.0,1055.0,701.0,615.0,558.0,365.0,139.0
95,1.0,2.0,0.0,0.0,0.0,0.0,0.0,6.0,4.0,9.0,6.0,6.0,11.0,8.0,51.0,7.0,4.0,7.0,14.0,17.0,4.0,6.0,5.0,0.0
96,31.0,28.0,5.0,20.0,19.0,106.0,282.0,731.0,838.0,506.0,171.0,293.0,397.0,356.0,339.0,349.0,535.0,1218.0,753.0,447.0,285.0,196.0,138.0,106.0
97,34.0,7.0,4.0,0.0,0.0,5.0,17.0,32.0,80.0,120.0,214.0,349.0,635.0,595.0,727.0,890.0,1298.0,1122.0,449.0,248.0,199.0,231.0,194.0,232.0
98,39.0,15.0,3.0,1.0,4.0,52.0,84.0,221.0,355.0,387.0,378.0,873.0,1093.0,933.0,627.0,1123.0,1914.0,2060.0,1429.0,994.0,544.0,221.0,130.0,81.0
99,38.0,33.0,22.0,9.0,99.0,145.0,639.0,789.0,1236.0,624.0,448.0,546.0,552.0,504.0,507.0,605.0,788.0,1205.0,901.0,541.0,334.0,203.0,160.0,77.0
100,56.0,31.0,10.0,4.0,1.0,58.0,173.0,618.0,1034.0,430.0,439.0,905.0,1153.0,870.0,892.0,1550.0,4022.0,8354.0,3473.0,1372.0,697.0,382.0,249.0,123.0
101,0.0,3.0,0.0,0.0,0.0,0.0,5.0,4.0,12.0,22.0,24.0,37.0,39.0,35.0,60.0,45.0,34.0,41.0,46.0,46.0,22.0,9.0,1.0,2.0
102,1.0,2.0,0.0,0.0,0.0,0.0,0.0,2.0,8.0,12.0,15.0,13.0,10.0,9.0,12.0,7.0,12.0,16.0,10.0,5.0,6.0,7.0,3.0,2.0
103,14.0,6.0,2.0,0.0,1.0,5.0,39.0,72.0,59.0,76.0,36.0,59.0,81.0,72.0,80.0,115.0,234.0,158.0,104.0,76.0,66.0,37.0,19.0,20.0
106,49.0,29.0,13.0,4.0,2.0,28.0,217.0,857.0,1034.0,513.0,302.0,345.0,381.0,429.0,603.0,783.0,941.0,1145.0,694.0,456.0,404.0,282.0,164.0,98.0
107,32.0,18.0,2.0,5.0,2.0,79.0,240.0,534.0,1146.0,683.0,275.0,267.0,380.0,435.0,286.0,277.0,608.0,1292.0,662.0,337.0,196.0,117.0,53.0,34.0
108,21.0,8.0,8.0,3.0,2.0,4.0,43.0,300.0,183.0,231.0,254.0,366.0,560.0,519.0,438.0,610.0,709.0,786.0,886.0,837.0,775.0,390.0,205.0,132.0
109,15.0,8.0,5.0,1.0,2.0,98.0,41.0,110.0,284.0,250.0,168.0,283.0,340.0,282.0,309.0,397.0,843.0,971.0,358.0,183.0,234.0,138.0,61.0,37.0
110,87.0,42.0,20.0,9.0,22.0,187.0,521.0,1262.0,1987.0,780.0,551.0,588.0,690.0,998.0,783.0,979.0,2917.0,2514.0,1873.0,1205.0,726.0,503.0,305.0,198.0
111,19.0,3.0,2.0,4.0,4.0,81.0,236.0,597.0,611.0,380.0,252.0,423.0,402.0,325.0,319.0,449.0,1074.0,1866.0,685.0,310.0,143.0,64.0,60.0,62.0
112,87.0,57.0,29.0,2.0,2.0,17.0,86.0,343.0,694.0,337.0,230.0,410.0,563.0,709.0,753.0,530.0,839.0,1190.0,865.0,816.0,654.0,478.0,354.0,186.0
113,47.0,28.0,6.0,1.0,7.0,99.0,482.0,456.0,738.0,261.0,264.0,239.0,335.0,337.0,314.0,514.0,689.0,1118.0,1036.0,687.0,371.0,346.0,229.0,124.0
114,101.0,48.0,16.0,11.0,13.0,48.0,183.0,140.0,231.0,323.0,269.0,315.0,325.0,365.0,457.0,528.0,912.0,871.0,760.0,535.0,357.0,614.0,832.0,346.0
115,40.0,26.0,8.0,2.0,8.0,58.0,178.0,435.0,505.0,211.0,151.0,216.0,272.0,267.0,265.0,468.0,992.0,1466.0,1278.0,737.0,374.0,286.0,260.0,161.0
116,46.0,13.0,17.0,11.0,29.0,56.0,96.0,402.0,507.0,141.0,140.0,181.0,149.0,195.0,188.0,235.0,571.0,1001.0,697.0,418.0,330.0,237.0,127.0,93.0
117,95.0,68.0,40.0,11.0,28.0,56.0,243.0,313.0,342.0,385.0,349.0,330.0,481.0,493.0,483.0,580.0,1087.0,2192.0,1656.0,1030.0,643.0,697.0,554.0,351.0
118,33.0,26.0,12.0,5.0,10.0,116.0,221.0,706.0,1270.0,533.0,228.0,371.0,296.0,280.0,315.0,318.0,577.0,1150.0,1058.0,834.0,438.0,355.0,262.0,137.0
119,10.0,2.0,2.0,2.0,0.0,10.0,81.0,157.0,405.0,135.0,71.0,90.0,90.0,84.0,106.0,119.0,298.0,642.0,431.0,356.0,166.0,133.0,88.0,39.0
120,30.0,9.0,6.0,6.0,2.0,4.0,21.0,73.0,165.0,85.0,114.0,134.0,204.0,236.0,231.0,232.0,260.0,286.0,283.0,277.0,230.0,205.0,199.0,82.0
121,5.0,3.0,4.0,0.0,0.0,76.0,92.0,134.0,353.0,203.0,143.0,112.0,107.0,97.0,98.0,83.0,85.0,134.0,114.0,84.0,50.0,47.0,23.0,21.0
122,2.0,2.0,0.0,0.0,5.0,26.0,43.0,67.0,211.0,139.0,55.0,72.0,85.0,91.0,99.0,218.0,331.0,346.0,216.0,78.0,46.0,19.0,11.0,9.0
123,160.0,44.0,20.0,15.0,12.0,29.0,123.0,227.0,463.0,196.0,143.0,159.0,197.0,227.0,269.0,305.0,495.0,1536.0,876.0,509.0,379.0,331.0,245.0,166.0
124,13.0,12.0,6.0,4.0,1.0,0.0,14.0,68.0,177.0,124.0,70.0,46.0,67.0,46.0,39.0,47.0,47.0,66.0,70.0,50.0,47.0,17.0,25.0,29.0
125,35.0,33.0,6.0,8.0,3.0,21.0,251.0,798.0,539.0,489.0,249.0,328.0,439.0,433.0,434.0,849.0,1882.0,1831.0,997.0,668.0,401.0,357.0,144.0,91.0
126,36.0,13.0,5.0,7.0,5.0,52.0,135.0,392.0,642.0,388.0,263.0,351.0,397.0,414.0,386.0,494.0,548.0,606.0,607.0,488.0,401.0,285.0,195.0,103.0
127,72.0,43.0,29.0,9.0,7.0,123.0,126.0,272.0,487.0,299.0,264.0,336.0,277.0,306.0,285.0,360.0,638.0,896.0,795.0,483.0,381.0,316.0,241.0,156.0
128,19.0,13.0,3.0,1.0,6.0,66.0,230.0,794.0,1074.0,430.0,200.0,247.0,333.0,327.0,257.0,277.0,284.0,430.0,508.0,446.0,247.0,193.0,154.0,85.0
129,14.0,7.0,11.0,2.0,23.0,43.0,163.0,337.0,637.0,332.0,199.0,170.0,165.0,148.0,181.0,127.0,175.0,217.0,233.0,194.0,148.0,77.0,53.0,37.0
130,62.0,57.0,16.0,7.0,10.0,73.0,596.0,670.0,1071.0,303.0,176.0,210.0,226.0,238.0,237.0,282.0,286.0,516.0,555.0,402.0,300.0,286.0,254.0,174.0
131,15.0,10.0,3.0,2.0,10.0,62.0,127.0,234.0,411.0,138.0,118.0,129.0,193.0,213.0,165.0,175.0,342.0,406.0,523.0,424.0,230.0,185.0,111.0,65.0
132,0.0,1.0,0.0,0.0,0.0,7.0,11.0,9.0,13.0,69.0,35.0,67.0,52.0,33.0,44.0,50.0,48.0,146.0,44.0,35.0,31.0,21.0,15.0,8.0
133,55.0,25.0,13.0,5.0,43.0,275.0,564.0,1959.0,3035.0,1467.0,779.0,883.0,1456.0,1536.0,1279.0,1353.0,2718.0,5124.0,2676.0,1486.0,835.0,559.0,377.0,154.0
134,55.0,22.0,11.0,5.0,16.0,313.0,627.0,755.0,1443.0,690.0,363.0,563.0,763.0,637.0,553.0,666.0,1498.0,1912.0,822.0,518.0,322.0,214.0,121.0,58.0
135,17.0,3.0,9.0,1.0,3.0,4.0,4.0,10.0,35.0,22.0,20.0,26.0,41.0,47.0,39.0,58.0,63.0,180.0,58.0,65.0,83.0,52.0,60.0,33.0
136,1.0,1.0,1.0,0.0,0.0,2.0,54.0,129.0,179.0,106.0,71.0,34.0,43.0,34.0,28.0,121.0,76.0,31.0,31.0,15.0,11.0,6.0,4.0,5.0
137,4.0,1.0,0.0,0.0,9.0,82.0,321.0,890.0,810.0,220.0,103.0,129.0,121.0,99.0,223.0,91.0,134.0,171.0,177.0,142.0,65.0,45.0,40.0,18.0
138,15.0,9.0,2.0,2.0,3.0,14.0,160.0,907.0,622.0,358.0,113.0,162.0,170.0,148.0,133.0,163.0,285.0,529.0,469.0,323.0,199.0,101.0,47.0,26.0
140,49.0,25.0,5.0,5.0,22.0,154.0,669.0,1388.0,1684.0,594.0,371.0,452.0,576.0,568.0,579.0,539.0,886.0,1772.0,1248.0,933.0,616.0,325.0,156.0,89.0
141,42.0,25.0,17.0,4.0,10.0,100.0,400.0,978.0,1540.0,780.0,433.0,535.0,534.0,501.0,545.0,642.0,738.0,1038.0,1071.0,915.0,599.0,444.0,314.0,180.0
142,33.0,13.0,8.0,4.0,7.0,86.0,318.0,557.0,704.0,686.0,416.0,635.0,626.0,518.0,574.0,903.0,2630.0,2349.0,1037.0,587.0,392.0,370.0,132.0,90.0
143,9.0,3.0,1.0,5.0,11.0,172.0,371.0,671.0,1306.0,320.0,248.0,316.0,363.0,379.0,369.0,521.0,643.0,720.0,593.0,417.0,234.0,197.0,119.0,41.0
144,80.0,29.0,25.0,6.0,103.0,158.0,480.0,854.0,844.0,419.0,286.0,267.0,308.0,315.0,297.0,375.0,456.0,516.0,646.0,508.0,398.0,273.0,212.0,133.0
145,40.0,11.0,16.0,2.0,25.0,97.0,332.0,740.0,1310.0,736.0,551.0,518.0,645.0,537.0,471.0,698.0,1024.0,1750.0,1060.0,764.0,505.0,392.0,179.0,98.0
146,5.0,3.0,0.0,7.0,13.0,55.0,280.0,578.0,524.0,201.0,155.0,155.0,180.0,116.0,118.0,243.0,632.0,346.0,231.0,115.0,67.0,31.0,25.0,9.0
147,13.0,6.0,0.0,3.0,1.0,11.0,32.0,142.0,370.0,137.0,117.0,90.0,137.0,113.0,101.0,97.0,114.0,146.0,127.0,113.0,99.0,27.0,39.0,18.0
148,49.0,24.0,8.0,6.0,5.0,6.0,31.0,23.0,112.0,152.0,225.0,453.0,484.0,649.0,698.0,568.0,827.0,665.0,608.0,322.0,398.0,332.0,147.0,114.0
149,23.0,13.0,4.0,3.0,1.0,16.0,42.0,286.0,628.0,332.0,209.0,247.0,221.0,262.0,228.0,203.0,267.0,232.0,292.0,183.0,122.0,79.0,63.0,55.0
150,21.0,5.0,0.0,3.0,0.0,13.0,45.0,103.0,230.0,189.0,291.0,357.0,358.0,496.0,409.0,412.0,455.0,600.0,559.0,428.0,247.0,97.0,41.0,42.0
152,38.0,17.0,19.0,7.0,9.0,310.0,127.0,512.0,631.0,217.0,144.0,173.0,205.0,203.0,164.0,165.0,272.0,467.0,626.0,421.0,214.0,178.0,122.0,85.0
153,28.0,13.0,11.0,27.0,5.0,90.0,374.0,1564.0,748.0,259.0,179.0,348.0,375.0,291.0,329.0,246.0,522.0,935.0,661.0,452.0,338.0,258.0,189.0,94.0
154,13.0,4.0,18.0,0.0,6.0,71.0,223.0,423.0,260.0,90.0,108.0,128.0,141.0,98.0,98.0,117.0,146.0,257.0,370.0,231.0,154.0,185.0,108.0,74.0
156,179.0,25.0,16.0,14.0,22.0,61.0,305.0,625.0,584.0,323.0,308.0,341.0,312.0,329.0,317.0,379.0,523.0,839.0,879.0,624.0,426.0,265.0,174.0,137.0
157,23.0,16.0,2.0,1.0,6.0,65.0,476.0,756.0,449.0,282.0,320.0,442.0,416.0,487.0,541.0,607.0,624.0,678.0,655.0,480.0,316.0,139.0,84.0,126.0
158,27.0,14.0,9.0,5.0,12.0,135.0,130.0,549.0,487.0,191.0,174.0,216.0,259.0,230.0,259.0,248.0,381.0,627.0,609.0,528.0,349.0,214.0,141.0,51.0
159,7.0,3.0,7.0,6.0,10.0,23.0,274.0,714.0,403.0,106.0,47.0,82.0,59.0,50.0,55.0,54.0,67.0,131.0,152.0,146.0,49.0,33.0,20.0,16.0
160,10.0,7.0,5.0,29.0,9.0,14.0,101.0,197.0,422.0,126.0,127.0,111.0,83.0,92.0,91.0,108.0,147.0,165.0,230.0,184.0,87.0,69.0,28.0,15.0
161,51.0,21.0,4.0,8.0,5.0,97.0,255.0,735.0,619.0,400.0,259.0,327.0,432.0,455.0,448.0,526.0,1562.0,1297.0,781.0,518.0,360.0,255.0,195.0,122.0
162,12.0,3.0,5.0,4.0,0.0,21.0,62.0,206.0,275.0,112.0,82.0,74.0,94.0,106.0,77.0,103.0,94.0,223.0,174.0,184.0,105.0,67.0,59.0,23.0
163,19.0,5.0,1.0,3.0,0.0,5.0,81.0,198.0,187.0,73.0,85.0,102.0,110.0,87.0,76.0,71.0,178.0,296.0,245.0,186.0,107.0,59.0,36.0,35.0
164,41.0,17.0,6.0,4.0,4.0,41.0,262.0,360.0,688.0,456.0,322.0,840.0,838.0,740.0,717.0,1066.0,2736.0,1679.0,519.0,378.0,286.0,194.0,111.0,56.0
165,70.0,31.0,24.0,20.0,16.0,38.0,235.0,332.0,253.0,159.0,146.0,128.0,148.0,146.0,133.0,177.0,297.0,362.0,420.0,265.0,182.0,226.0,362.0,189.0
166,9.0,4.0,2.0,0.0,3.0,53.0,123.0,661.0,359.0,201.0,111.0,108.0,107.0,147.0,139.0,133.0,165.0,175.0,169.0,103.0,69.0,57.0,20.0,16.0
167,1.0,1.0,2.0,0.0,0.0,2.0,1.0,26.0,25.0,16.0,19.0,22.0,30.0,15.0,12.0,16.0,15.0,20.0,11.0,9.0,15.0,5.0,4.0,7.0
168,40.0,11.0,2.0,0.0,2.0,150.0,441.0,934.0,1313.0,309.0,264.0,284.0,306.0,323.0,236.0,203.0,331.0,407.0,387.0,329.0,238.0,148.0,96.0,57.0
169,176.0,6.0,1.0,2.0,1.0,5.0,16.0,54.0,212.0,154.0,111.0,154.0,350.0,177.0,167.0,205.0,469.0,368.0,217.0,97.0,60.0,43.0,30.0,22.0
170,9.0,5.0,6.0,1.0,6.0,20.0,74.0,267.0,278.0,293.0,273.0,135.0,121.0,129.0,93.0,219.0,178.0,185.0,114.0,61.0,51.0,32.0,40.0,17.0
171,13.0,2.0,1.0,0.0,2.0,2.0,16.0,115.0,279.0,172.0,87.0,49.0,45.0,57.0,65.0,74.0,70.0,87.0,107.0,74.0,39.0,34.0,16.0,22.0
172,70.0,32.0,16.0,19.0,7.0,123.0,463.0,925.0,793.0,231.0,200.0,318.0,370.0,349.0,396.0,448.0,457.0,864.0,757.0,529.0,395.0,223.0,192.0,126.0
173,57.0,26.0,15.0,8.0,3.0,16.0,79.0,415.0,558.0,383.0,327.0,426.0,512.0,524.0,695.0,1209.0,1709.0,1491.0,975.0,580.0,349.0,285.0,141.0,64.0
174,44.0,10.0,2.0,15.0,4.0,258.0,2284.0,5281.0,4412.0,1505.0,528.0,589.0,607.0,465.0,520.0,1002.0,2854.0,6211.0,2876.0,1095.0,525.0,283.0,284.0,93.0
175,5.0,10.0,2.0,3.0,13.0,68.0,425.0,1019.0,1462.0,601.0,339.0,258.0,276.0,350.0,289.0,242.0,401.0,395.0,338.0,258.0,141.0,113.0,58.0,25.0
176,86.0,30.0,29.0,6.0,56.0,432.0,637.0,1636.0,2460.0,788.0,479.0,627.0,618.0,608.0,642.0,631.0,927.0,1433.0,1500.0,1242.0,712.0,505.0,295.0,179.0
177,98.0,26.0,20.0,32.0,8.0,46.0,193.0,601.0,910.0,713.0,989.0,1514.0,1646.0,1951.0,2035.0,2184.0,2644.0,3055.0,2538.0,1848.0,1209.0,602.0,337.0,163.0
178,17.0,2.0,3.0,3.0,0.0,94.0,24.0,151.0,243.0,144.0,73.0,184.0,100.0,72.0,65.0,73.0,207.0,144.0,131.0,90.0,100.0,61.0,40.0,28.0
179,2.0,0.0,0.0,0.0,0.0,5.0,16.0,25.0,133.0,53.0,15.0,23.0,23.0,20.0,25.0,16.0,15.0,18.0,28.0,16.0,15.0,6.0,2.0,1.0
180,36.0,3.0,5.0,0.0,2.0,125.0,246.0,762.0,819.0,271.0,252.0,201.0,200.0,194.0,288.0,256.0,256.0,323.0,467.0,347.0,179.0,97.0,85.0,39.0
181,115.0,98.0,32.0,28.0,21.0,101.0,264.0,517.0,863.0,485.0,450.0,768.0,988.0,1116.0,998.0,1209.0,2525.0,3707.0,2182.0,1505.0,877.0,689.0,409.0,262.0
182,31.0,14.0,4.0,23.0,15.0,417.0,503.0,1144.0,1568.0,385.0,200.0,271.0,294.0,332.0,277.0,477.0,470.0,642.0,681.0,467.0,336.0,298.0,182.0,85.0
183,9.0,5.0,5.0,2.0,4.0,90.0,460.0,767.0,925.0,525.0,272.0,255.0,153.0,144.0,142.0,243.0,202.0,275.0,330.0,253.0,193.0,145.0,122.0,58.0
184,27.0,4.0,8.0,10.0,2.0,1.0,20.0,22.0,113.0,118.0,96.0,117.0,167.0,234.0,291.0,240.0,331.0,437.0,263.0,187.0,90.0,90.0,92.0,70.0
185,22.0,8.0,0.0,0.0,1.0,17.0,143.0,66.0,96.0,103.0,40.0,54.0,51.0,54.0,63.0,49.0,69.0,142.0,171.0,163.0,81.0,69.0,35.0,29.0
186,10.0,2.0,4.0,4.0,1.0,33.0,199.0,684.0,875.0,243.0,123.0,144.0,186.0,202.0,124.0,153.0,325.0,398.0,357.0,231.0,141.0,92.0,82.0,40.0
188,25.0,6.0,3.0,1.0,1.0,25.0,160.0,308.0,290.0,153.0,122.0,213.0,165.0,186.0,153.0,155.0,297.0,327.0,374.0,324.0,196.0,122.0,80.0,39.0
190,10.0,3.0,2.0,3.0,1.0,31.0,567.0,1077.0,643.0,189.0,77.0,101.0,99.0,61.0,94.0,130.0,128.0,267.0,320.0,279.0,160.0,93.0,55.0,41.0
191,10.0,4.0,4.0,2.0,1.0,7.0,132.0,1783.0,4126.0,888.0,248.0,551.0,557.0,451.0,479.0,996.0,1976.0,2112.0,786.0,318.0,253.0,152.0,80.0,34.0
192,42.0,10.0,7.0,9.0,2.0,1419.0,4384.0,9453.0,8180.0,2263.0,799.0,830.0,722.0,839.0,746.0,1303.0,3254.0,7349.0,3412.0,1685.0,707.0,465.0,166.0,119.0
193,2.0,0.0,1.0,1.0,1.0,4.0,2.0,22.0,21.0,37.0,22.0,27.0,29.0,22.0,19.0,22.0,33.0,42.0,18.0,9.0,12.0,17.0,4.0,9.0
194,100.0,50.0,15.0,9.0,7.0,49.0,78.0,174.0,404.0,533.0,459.0,648.0,615.0,577.0,536.0,617.0,1762.0,2317.0,663.0,323.0,232.0,192.0,146.0,112.0
195,53.0,22.0,18.0,12.0,4.0,202.0,760.0,1516.0,2554.0,1217.0,725.0,1283.0,1513.0,1280.0,1221.0,2466.0,5612.0,4651.0,2233.0,1184.0,675.0,434.0,247.0,115.0
196,26.0,16.0,39.0,19.0,8.0,54.0,225.0,476.0,643.0,342.0,309.0,406.0,517.0,427.0,404.0,698.0,1338.0,1551.0,815.0,463.0,379.0,490.0,154.0,100.0
197,44.0,35.0,41.0,36.0,45.0,22.0,61.0,152.0,552.0,214.0,215.0,310.0,522.0,685.0,563.0,641.0,1034.0,1683.0,787.0,349.0,250.0,204.0,104.0,65.0
198,37.0,21.0,77.0,69.0,66.0,124.0,361.0,999.0,1377.0,391.0,326.0,373.0,618.0,677.0,440.0,431.0,728.0,1772.0,1151.0,739.0,495.0,354.0,182.0,111.0
199,105.0,52.0,22.0,8.0,8.0,72.0,282.0,660.0,631.0,433.0,588.0,569.0,647.0,676.0,629.0,836.0,1708.0,1911.0,1198.0,810.0,585.0,415.0,336.0,220.0
200,3.0,0.0,0.0,0.0,0.0,0.0,2.0,10.0,21.0,16.0,25.0,26.0,38.0,40.0,64.0,59.0,31.0,28.0,13.0,12.0,16.0,5.0,3.0,18.0
201,2.0,0.0,1.0,1.0,0.0,0.0,0.0,12.0,12.0,10.0,8.0,15.0,16.0,17.0,7.0,6.0,19.0,57.0,70.0,23.0,3.0,10.0,7.0,3.0
202,13.0,5.0,0.0,2.0,5.0,108.0,71.0,128.0,360.0,153.0,98.0,114.0,94.0,125.0,112.0,95.0,106.0,114.0,114.0,80.0,66.0,41.0,33.0,18.0
203,25.0,5.0,1.0,0.0,5.0,8.0,20.0,129.0,78.0,54.0,34.0,43.0,55.0,46.0,51.0,115.0,95.0,68.0,131.0,35.0,29.0,43.0,50.0,39.0
204,4.0,1.0,1.0,0.0,1.0,51.0,59.0,75.0,312.0,249.0,131.0,91.0,75.0,61.0,55.0,56.0,59.0,91.0,67.0,20.0,47.0,34.0,14.0,6.0
205,8.0,4.0,2.0,0.0,3.0,8.0,132.0,134.0,284.0,109.0,113.0,138.0,160.0,115.0,125.0,169.0,161.0,132.0,196.0,147.0,87.0,54.0,46.0,29.0
206,14.0,0.0,3.0,0.0,0.0,3.0,1.0,31.0,69.0,43.0,32.0,42.0,52.0,47.0,57.0,67.0,112.0,342.0,236.0,170.0,73.0,64.0,49.0,25.0
207,3.0,1.0,0.0,1.0,1.0,17.0,58.0,271.0,172.0,80.0,72.0,50.0,46.0,36.0,31.0,22.0,29.0,54.0,52.0,56.0,53.0,15.0,18.0,4.0
208,4.0,2.0,2.0,0.0,2.0,4.0,33.0,31.0,165.0,57.0,60.0,59.0,68.0,63.0,66.0,63.0,79.0,55.0,84.0,71.0,92.0,62.0,41.0,22.0
209,3.0,0.0,0.0,0.0,1.0,1.0,5.0,56.0,396.0,185.0,34.0,19.0,13.0,24.0,17.0,31.0,38.0,40.0,38.0,25.0,9.0,14.0,3.0,6.0
210,59.0,29.0,20.0,3.0,5.0,43.0,216.0,551.0,1296.0,593.0,427.0,394.0,398.0,406.0,397.0,449.0,834.0,2021.0,1378.0,769.0,506.0,336.0,254.0,154.0
211,73.0,48.0,28.0,9.0,5.0,23.0,109.0,391.0,572.0,727.0,745.0,886.0,957.0,890.0,1045.0,2209.0,2907.0,2215.0,1325.0,842.0,578.0,339.0,209.0,139.0
212,47.0,18.0,9.0,4.0,4.0,49.0,323.0,810.0,681.0,382.0,186.0,399.0,457.0,464.0,355.0,390.0,1213.0,2454.0,1232.0,579.0,280.0,191.0,109.0,69.0
213,17.0,4.0,3.0,1.0,3.0,27.0,96.0,419.0,446.0,170.0,89.0,136.0,147.0,107.0,125.0,157.0,278.0,566.0,485.0,256.0,129.0,95.0,62.0,36.0
214,10.0,6.0,0.0,3.0,3.0,166.0,438.0,365.0,688.0,297.0,140.0,126.0,147.0,141.0,142.0,174.0,257.0,378.0,265.0,144.0,94.0,73.0,56.0,18.0
215,6.0,7.0,7.0,2.0,0.0,2.0,28.0,45.0,98.0,106.0,48.0,55.0,124.0,77.0,89.0,57.0,162.0,143.0,89.0,53.0,69.0,172.0,160.0,76.0
216,10.0,5.0,6.0,0.0,0.0,3.0,16.0,97.0,133.0,82.0,69.0,74.0,69.0,77.0,70.0,76.0,84.0,115.0,101.0,100.0,89.0,55.0,30.0,17.0
217,17.0,4.0,3.0,0.0,1.0,9.0,34.0,262.0,266.0,203.0,109.0,482.0,374.0,173.0,218.0,428.0,1181.0,1258.0,533.0,236.0,122.0,113.0,80.0,43.0
218,2.0,2.0,0.0,0.0,0.0,0.0,1.0,7.0,64.0,66.0,43.0,35.0,42.0,49.0,56.0,50.0,59.0,51.0,70.0,66.0,77.0,16.0,20.0,1.0
219,30.0,26.0,5.0,47.0,9.0,77.0,223.0,595.0,752.0,315.0,161.0,160.0,234.0,265.0,250.0,239.0,288.0,580.0,671.0,482.0,306.0,283.0,222.0,115.0
220,66.0,25.0,13.0,6.0,67.0,177.0,306.0,1055.0,1018.0,448.0,284.0,352.0,326.0,306.0,340.0,373.0,401.0,569.0,739.0,527.0,355.0,300.0,202.0,113.0
222,11.0,9.0,8.0,4.0,4.0,11.0,64.0,150.0,130.0,48.0,31.0,46.0,58.0,57.0,62.0,68.0,130.0,200.0,217.0,195.0,80.0,64.0,63.0,42.0
223,15.0,12.0,0.0,0.0,0.0,59.0,389.0,553.0,450.0,253.0,179.0,195.0,256.0,231.0,201.0,238.0,466.0,545.0,691.0,454.0,275.0,137.0,90.0,52.0
224,25.0,11.0,3.0,1.0,5.0,123.0,186.0,549.0,563.0,150.0,168.0,153.0,136.0,143.0,126.0,142.0,206.0,335.0,425.0,308.0,178.0,176.0,145.0,56.0
225,27.0,14.0,8.0,2.0,7.0,23.0,192.0,462.0,899.0,211.0,189.0,185.0,209.0,261.0,212.0,233.0,273.0,451.0,508.0,451.0,313.0,210.0,132.0,57.0
226,36.0,19.0,11.0,7.0,7.0,96.0,175.0,503.0,277.0,157.0,154.0,158.0,241.0,242.0,171.0,189.0,258.0,491.0,619.0,541.0,276.0,240.0,220.0,127.0
227,41.0,22.0,1.0,5.0,31.0,210.0,499.0,688.0,426.0,172.0,215.0,240.0,259.0,237.0,234.0,238.0,317.0,513.0,678.0,511.0,406.0,322.0,263.0,177.0
228,14.0,15.0,4.0,3.0,0.0,6.0,99.0,411.0,226.0,71.0,43.0,58.0,77.0,82.0,81.0,70.0,81.0,149.0,156.0,97.0,59.0,50.0,38.0,30.0
229,45.0,23.0,5.0,9.0,29.0,127.0,251.0,331.0,446.0,146.0,166.0,236.0,254.0,306.0,321.0,331.0,569.0,1003.0,923.0,605.0,405.0,378.0,269.0,154.0
230,37.0,22.0,13.0,6.0,2.0,22.0,143.0,458.0,389.0,193.0,139.0,228.0,243.0,222.0,205.0,320.0,836.0,1146.0,818.0,458.0,328.0,186.0,132.0,80.0
231,30.0,17.0,4.0,8.0,19.0,126.0,187.0,372.0,293.0,192.0,301.0,248.0,289.0,267.0,324.0,251.0,317.0,535.0,492.0,437.0,290.0,161.0,205.0,58.0
232,16.0,10.0,4.0,2.0,9.0,61.0,491.0,925.0,670.0,405.0,310.0,323.0,331.0,329.0,328.0,304.0,361.0,522.0,662.0,654.0,374.0,172.0,138.0,52.0
233,21.0,10.0,2.0,4.0,6.0,171.0,424.0,682.0,1227.0,315.0,162.0,298.0,384.0,342.0,268.0,358.0,615.0,1112.0,506.0,338.0,236.0,133.0,99.0,52.0
234,14.0,16.0,24.0,6.0,5.0,45.0,111.0,430.0,222.0,138.0,91.0,115.0,126.0,114.0,117.0,134.0,172.0,200.0,330.0,237.0,100.0,81.0,56.0,41.0
236,7.0,1.0,3.0,0.0,0.0,15.0,33.0,169.0,404.0,171.0,55.0,87.0,93.0,59.0,56.0,61.0,63.0,125.0,128.0,93.0,63.0,42.0,31.0,14.0
237,28.0,15.0,14.0,9.0,5.0,50.0,158.0,621.0,1019.0,419.0,317.0,468.0,461.0,495.0,481.0,439.0,550.0,605.0,627.0,403.0,313.0,210.0,102.0,68.0
238,16.0,9.0,5.0,2.0,5.0,8.0,22.0,139.0,106.0,62.0,124.0,91.0,139.0,138.0,134.0,149.0,210.0,524.0,431.0,239.0,159.0,119.0,109.0,37.0
239,42.0,13.0,7.0,0.0,1.0,13.0,88.0,107.0,238.0,95.0,119.0,152.0,168.0,188.0,215.0,169.0,204.0,297.0,459.0,437.0,278.0,249.0,143.0,73.0
240,68.0,32.0,20.0,6.0,59.0,117.0,132.0,230.0,211.0,169.0,198.0,237.0,274.0,350.0,385.0,417.0,853.0,2039.0,1395.0,803.0,483.0,343.0,309.0,180.0
241,66.0,34.0,21.0,10.0,10.0,10.0,117.0,523.0,575.0,603.0,578.0,702.0,815.0,885.0,1015.0,1268.0,1387.0,1282.0,1178.0,749.0,497.0,339.0,172.0,135.0
242,29.0,20.0,5.0,1.0,3.0,36.0,28.0,61.0,148.0,76.0,60.0,96.0,116.0,111.0,125.0,135.0,285.0,786.0,731.0,300.0,158.0,100.0,91.0,64.0
243,65.0,41.0,20.0,5.0,2.0,2.0,69.0,135.0,172.0,100.0,127.0,101.0,109.0,135.0,145.0,162.0,180.0,227.0,260.0,240.0,219.0,154.0,115.0,100.0
244,29.0,18.0,15.0,2.0,0.0,56.0,72.0,202.0,203.0,73.0,83.0,103.0,178.0,145.0,140.0,173.0,317.0,784.0,526.0,356.0,176.0,145.0,95.0,58.0
245,16.0,11.0,7.0,1.0,1.0,153.0,103.0,357.0,310.0,232.0,141.0,178.0,147.0,125.0,172.0,137.0,170.0,234.0,252.0,231.0,183.0,90.0,78.0,26.0
246,18.0,4.0,6.0,2.0,1.0,93.0,176.0,340.0,127.0,88.0,66.0,63.0,79.0,81.0,115.0,112.0,108.0,156.0,204.0,133.0,79.0,52.0,25.0,34.0
247,12.0,8.0,4.0,3.0,2.0,20.0,80.0,341.0,532.0,349.0,196.0,270.0,257.0,309.0,249.0,275.0,328.0,338.0,292.0,249.0,173.0,79.0,61.0,22.0
248,28.0,9.0,5.0,0.0,0.0,4.0,18.0,47.0,192.0,157.0,132.0,128.0,111.0,137.0,111.0,148.0,147.0,141.0,163.0,172.0,152.0,115.0,70.0,43.0
249,11.0,9.0,3.0,2.0,0.0,8.0,45.0,92.0,111.0,182.0,289.0,412.0,562.0,593.0,631.0,712.0,717.0,578.0,567.0,581.0,612.0,251.0,141.0,74.0
250,18.0,7.0,4.0,3.0,0.0,4.0,23.0,126.0,171.0,105.0,86.0,118.0,151.0,94.0,92.0,99.0,172.0,246.0,259.0,186.0,118.0,109.0,41.0,39.0
251,11.0,3.0,4.0,3.0,5.0,39.0,22.0,60.0,231.0,165.0,133.0,173.0,158.0,127.0,175.0,136.0,190.0,225.0,269.0,176.0,117.0,60.0,52.0,20.0
252,11.0,3.0,2.0,1.0,1.0,36.0,45.0,95.0,146.0,156.0,57.0,40.0,48.0,23.0,52.0,39.0,24.0,85.0,50.0,36.0,27.0,15.0,2.0,2.0
253,38.0,13.0,8.0,15.0,5.0,139.0,48.0,123.0,201.0,138.0,99.0,103.0,142.0,140.0,141.0,170.0,181.0,359.0,430.0,258.0,216.0,156.0,113.0,74.0
254,28.0,10.0,6.0,2.0,16.0,83.0,511.0,751.0,598.0,277.0,232.0,281.0,370.0,340.0,410.0,396.0,419.0,655.0,688.0,455.0,306.0,167.0,91.0,52.0
255,109.0,25.0,21.0,13.0,39.0,215.0,878.0,2021.0,3045.0,775.0,667.0,775.0,716.0,820.0,694.0,657.0,984.0,1372.0,1044.0,720.0,404.0,306.0,237.0,192.0
256,28.0,8.0,6.0,3.0,13.0,19.0,121.0,407.0,440.0,221.0,170.0,157.0,166.0,214.0,184.0,168.0,203.0,342.0,398.0,409.0,233.0,223.0,90.0,59.0
257,11.0,5.0,3.0,0.0,6.0,15.0,167.0,126.0,199.0,83.0,83.0,102.0,118.0,119.0,97.0,124.0,211.0,329.0,393.0,240.0,127.0,90.0,79.0,43.0
258,14.0,18.0,4.0,1.0,2.0,12.0,45.0,131.0,213.0,79.0,94.0,154.0,148.0,169.0,144.0,200.0,273.0,384.0,448.0,356.0,312.0,207.0,109.0,43.0
259,12.0,3.0,8.0,87.0,8.0,31.0,310.0,299.0,177.0,106.0,92.0,71.0,83.0,93.0,88.0,70.0,123.0,180.0,152.0,128.0,78.0,55.0,24.0,20.0
260,71.0,30.0,15.0,27.0,17.0,39.0,102.0,148.0,329.0,215.0,230.0,227.0,265.0,238.0,225.0,217.0,332.0,985.0,836.0,576.0,312.0,353.0,203.0,142.0
261,29.0,12.0,3.0,1.0,1.0,4.0,16.0,84.0,175.0,132.0,150.0,244.0,439.0,370.0,435.0,586.0,1183.0,738.0,338.0,199.0,125.0,59.0,55.0,55.0
262,1.0,1.0,0.0,0.0,1.0,1.0,15.0,67.0,87.0,23.0,6.0,6.0,15.0,11.0,4.0,6.0,14.0,12.0,19.0,14.0,11.0,7.0,4.0,1.0
263,2.0,3.0,4.0,2.0,0.0,19.0,94.0,172.0,187.0,145.0,134.0,137.0,134.0,91.0,69.0,133.0,118.0,136.0,150.0,132.0,64.0,44.0,23.0,18.0
264,63.0,16.0,17.0,8.0,21.0,86.0,350.0,885.0,1517.0,825.0,456.0,556.0,628.0,661.0,512.0,797.0,1517.0,1299.0,553.0,339.0,248.0,147.0,108.0,115.0
265,0.0,0.0,0.0,1.0,1.0,10.0,49.0,113.0,52.0,54.0,45.0,58.0,64.0,44.0,54.0,47.0,42.0,58.0,59.0,31.0,23.0,8.0,10.0,8.0
267,4.0,5.0,3.0,0.0,1.0,5.0,7.0,20.0,65.0,76.0,94.0,108.0,110.0,105.0,125.0,108.0,121.0,189.0,207.0,122.0,60.0,50.0,38.0,10.0
268,87.0,30.0,34.0,9.0,10.0,84.0,209.0,651.0,786.0,533.0,844.0,1313.0,1590.0,1786.0,2126.0,2341.0,2241.0,2415.0,2107.0,2540.0,2055.0,705.0,363.0,147.0
270,3.0,1.0,2.0,0.0,1.0,0.0,3.0,1.0,7.0,2.0,5.0,8.0,7.0,6.0,6.0,4.0,12.0,12.0,11.0,10.0,9.0,11.0,11.0,1.0
271,4.0,0.0,0.0,0.0,1.0,0.0,4.0,5.0,17.0,30.0,33.0,33.0,35.0,27.0,15.0,15.0,18.0,23.0,13.0,12.0,12.0,9.0,8.0,5.0
272,16.0,5.0,7.0,4.0,10.0,44.0,39.0,69.0,347.0,333.0,243.0,218.0,227.0,225.0,166.0,161.0,178.0,269.0,245.0,179.0,165.0,112.0,76.0,47.0
273,17.0,10.0,1.0,1.0,14.0,218.0,527.0,1313.0,1202.0,288.0,161.0,249.0,229.0,294.0,248.0,254.0,498.0,540.0,409.0,277.0,185.0,79.0,69.0,70.0
274,0.0,11.0,1.0,0.0,28.0,43.0,132.0,261.0,325.0,149.0,109.0,74.0,75.0,75.0,53.0,63.0,81.0,65.0,100.0,56.0,26.0,14.0,10.0,1.0
275,8.0,3.0,2.0,0.0,1.0,8.0,6.0,21.0,33.0,35.0,41.0,46.0,90.0,79.0,63.0,112.0,152.0,203.0,202.0,131.0,87.0,52.0,41.0,27.0
276,8.0,8.0,0.0,3.0,3.0,8.0,71.0,220.0,301.0,124.0,71.0,78.0,91.0,83.0,83.0,76.0,103.0,209.0,164.0,92.0,80.0,68.0,27.0,18.0
277,8.0,2.0,2.0,3.0,3.0,6.0,108.0,568.0,671.0,225.0,105.0,112.0,123.0,109.0,108.0,124.0,136.0,242.0,185.0,140.0,80.0,56.0,48.0,30.0
278,8.0,4.0,2.0,4.0,2.0,4.0,139.0,65.0,249.0,66.0,38.0,38.0,48.0,57.0,39.0,35.0,43.0,58.0,50.0,39.0,22.0,8.0,20.0,11.0
279,1.0,0.0,1.0,0.0,4.0,8.0,29.0,130.0,149.0,107.0,58.0,72.0,58.0,58.0,60.0,71.0,99.0,93.0,142.0,57.0,51.0,48.0,12.0,18.0
280,4.0,6.0,2.0,0.0,2.0,49.0,74.0,149.0,86.0,71.0,61.0,71.0,57.0,71.0,46.0,63.0,70.0,98.0,63.0,74.0,51.0,35.0,20.0,20.0
281,0.0,0.0,2.0,1.0,0.0,0.0,4.0,36.0,180.0,9.0,8.0,11.0,12.0,17.0,16.0,19.0,19.0,23.0,17.0,8.0,7.0,4.0,2.0,3.0
282,47.0,36.0,24.0,16.0,8.0,26.0,83.0,262.0,838.0,425.0,239.0,261.0,362.0,302.0,338.0,284.0,417.0,506.0,311.0,292.0,263.0,209.0,121.0,81.0
283,23.0,11.0,5.0,1.0,4.0,27.0,816.0,1383.0,877.0,335.0,327.0,694.0,863.0,1217.0,1690.0,2346.0,2881.0,2622.0,1058.0,1006.0,414.0,230.0,79.0,192.0
284,50.0,28.0,12.0,8.0,2.0,53.0,437.0,575.0,1424.0,544.0,400.0,640.0,711.0,782.0,733.0,871.0,1153.0,2372.0,1027.0,529.0,330.0,240.0,210.0,124.0
285,2.0,3.0,0.0,1.0,0.0,12.0,90.0,214.0,443.0,267.0,64.0,120.0,131.0,115.0,97.0,172.0,260.0,368.0,185.0,98.0,64.0,49.0,65.0,19.0
286,29.0,13.0,5.0,3.0,1.0,40.0,293.0,441.0,1140.0,667.0,218.0,453.0,536.0,550.0,745.0,1191.0,2676.0,1941.0,614.0,280.0,175.0,152.0,78.0,41.0
287,69.0,27.0,17.0,10.0,5.0,27.0,112.0,333.0,913.0,496.0,450.0,1322.0,1491.0,1066.0,1124.0,2350.0,6076.0,10586.0,3923.0,1062.0,562.0,375.0,151.0,97.0
288,16.0,7.0,2.0,0.0,1.0,25.0,114.0,574.0,682.0,178.0,150.0,162.0,160.0,179.0,149.0,205.0,208.0,339.0,373.0,286.0,185.0,160.0,91.0,38.0
289,169.0,86.0,22.0,6.0,6.0,293.0,696.0,1438.0,1168.0,482.0,344.0,430.0,468.0,476.0,520.0,526.0,784.0,1365.0,1216.0,1276.0,1025.0,930.0,742.0,406.0
290,8.0,2.0,1.0,0.0,1.0,23.0,96.0,969.0,559.0,99.0,162.0,105.0,78.0,84.0,68.0,65.0,65.0,107.0,188.0,158.0,75.0,41.0,13.0,21.0
291,84.0,86.0,15.0,5.0,15.0,199.0,488.0,1005.0,1144.0,305.0,196.0,304.0,332.0,314.0,344.0,335.0,407.0,725.0,724.0,579.0,495.0,420.0,290.0,142.0
292,21.0,4.0,3.0,2.0,14.0,22.0,126.0,371.0,420.0,105.0,107.0,53.0,66.0,61.0,61.0,58.0,70.0,140.0,170.0,101.0,51.0,52.0,40.0,32.0
293,16.0,7.0,8.0,0.0,9.0,60.0,29.0,96.0,112.0,94.0,119.0,101.0,175.0,182.0,149.0,213.0,261.0,376.0,342.0,212.0,158.0,138.0,89.0,53.0
294,24.0,14.0,9.0,28.0,12.0,14.0,29.0,118.0,97.0,105.0,87.0,126.0,145.0,186.0,215.0,226.0,291.0,727.0,762.0,338.0,213.0,163.0,127.0,79.0
295,92.0,15.0,14.0,9.0,4.0,15.0,45.0,112.0,165.0,79.0,98.0,86.0,117.0,125.0,132.0,119.0,198.0,342.0,325.0,206.0,145.0,113.0,54.0,41.0
296,43.0,9.0,14.0,2.0,37.0,30.0,239.0,569.0,589.0,373.0,230.0,280.0,313.0,335.0,265.0,317.0,304.0,442.0,560.0,604.0,478.0,300.0,174.0,108.0
297,8.0,4.0,3.0,3.0,6.0,135.0,38.0,89.0,128.0,67.0,76.0,98.0,94.0,64.0,69.0,74.0,92.0,112.0,148.0,115.0,69.0,41.0,53.0,13.0
298,34.0,22.0,9.0,28.0,3.0,88.0,134.0,115.0,274.0,95.0,78.0,108.0,126.0,145.0,130.0,152.0,224.0,195.0,214.0,200.0,158.0,159.0,91.0,62.0
299,90.0,58.0,43.0,40.0,32.0,98.0,345.0,662.0,729.0,309.0,174.0,184.0,201.0,289.0,249.0,281.0,327.0,501.0,595.0,522.0,368.0,288.0,325.0,201.0
300,62.0,27.0,15.0,10.0,28.0,101.0,450.0,1055.0,999.0,390.0,334.0,449.0,458.0,596.0,429.0,545.0,544.0,798.0,877.0,876.0,635.0,443.0,312.0,191.0
301,17.0,18.0,21.0,5.0,22.0,463.0,812.0,774.0,1093.0,446.0,305.0,386.0,291.0,349.0,365.0,317.0,441.0,882.0,704.0,526.0,293.0,182.0,136.0,75.0
302,42.0,21.0,11.0,5.0,2.0,31.0,363.0,252.0,437.0,270.0,150.0,157.0,212.0,222.0,177.0,157.0,270.0,467.0,613.0,435.0,286.0,264.0,225.0,141.0
303,37.0,16.0,11.0,12.0,31.0,92.0,493.0,713.0,553.0,258.0,262.0,337.0,288.0,262.0,317.0,289.0,324.0,412.0,572.0,457.0,308.0,188.0,166.0,81.0
304,31.0,28.0,13.0,11.0,13.0,42.0,184.0,244.0,519.0,253.0,219.0,213.0,233.0,297.0,240.0,236.0,275.0,417.0,525.0,447.0,335.0,249.0,199.0,86.0
305,32.0,14.0,7.0,2.0,4.0,25.0,283.0,543.0,670.0,240.0,102.0,106.0,104.0,90.0,99.0,173.0,163.0,202.0,297.0,179.0,101.0,76.0,51.0,28.0
306,18.0,5.0,8.0,1.0,3.0,45.0,367.0,590.0,494.0,152.0,117.0,144.0,156.0,116.0,123.0,165.0,170.0,246.0,282.0,188.0,147.0,90.0,75.0,33.0
307,32.0,22.0,2.0,1.0,1.0,36.0,219.0,342.0,410.0,121.0,128.0,134.0,167.0,220.0,161.0,195.0,202.0,350.0,548.0,513.0,300.0,234.0,179.0,67.0
308,9.0,5.0,5.0,1.0,26.0,56.0,162.0,327.0,296.0,124.0,73.0,111.0,106.0,91.0,84.0,84.0,126.0,171.0,163.0,156.0,92.0,68.0,70.0,29.0
309,12.0,4.0,5.0,0.0,2.0,14.0,189.0,595.0,457.0,87.0,88.0,93.0,167.0,99.0,61.0,90.0,138.0,200.0,211.0,183.0,107.0,91.0,60.0,35.0
310,17.0,11.0,18.0,1.0,2.0,39.0,126.0,216.0,340.0,166.0,114.0,73.0,155.0,162.0,125.0,105.0,112.0,211.0,203.0,178.0,111.0,71.0,56.0,34.0
311,8.0,4.0,1.0,1.0,1.0,33.0,216.0,479.0,446.0,80.0,56.0,51.0,54.0,76.0,172.0,72.0,73.0,81.0,106.0,115.0,76.0,57.0,34.0,21.0
312,11.0,13.0,3.0,2.0,28.0,184.0,422.0,773.0,355.0,171.0,160.0,182.0,172.0,239.0,214.0,227.0,342.0,433.0,461.0,290.0,189.0,102.0,77.0,32.0
313,24.0,11.0,7.0,15.0,13.0,267.0,384.0,925.0,912.0,346.0,286.0,392.0,410.0,431.0,427.0,426.0,523.0,758.0,759.0,491.0,340.0,240.0,155.0,89.0
314,0.0,1.0,1.0,1.0,1.0,14.0,80.0,111.0,347.0,104.0,113.0,189.0,232.0,102.0,86.0,138.0,506.0,834.0,246.0,184.0,97.0,35.0,31.0,14.0
315,19.0,5.0,1.0,0.0,0.0,116.0,42.0,217.0,238.0,62.0,66.0,78.0,213.0,202.0,126.0,160.0,257.0,566.0,354.0,161.0,119.0,62.0,68.0,31.0
316,8.0,3.0,1.0,7.0,3.0,5.0,16.0,61.0,163.0,42.0,70.0,79.0,86.0,71.0,109.0,115.0,121.0,161.0,167.0,163.0,76.0,69.0,47.0,22.0
317,44.0,10.0,2.0,2.0,5.0,3.0,12.0,80.0,94.0,99.0,118.0,226.0,353.0,282.0,466.0,493.0,1436.0,1235.0,466.0,252.0,128.0,49.0,51.0,124.0
318,40.0,9.0,5.0,1.0,28.0,17.0,236.0,342.0,398.0,259.0,229.0,148.0,199.0,199.0,152.0,149.0,201.0,242.0,293.0,285.0,176.0,128.0,91.0,72.0
319,13.0,5.0,5.0,5.0,0.0,16.0,202.0,389.0,214.0,100.0,93.0,108.0,123.0,80.0,71.0,108.0,122.0,214.0,204.0,183.0,115.0,46.0,49.0,26.0
320,44.0,20.0,7.0,6.0,5.0,107.0,185.0,842.0,956.0,597.0,504.0,525.0,525.0,542.0,509.0,504.0,605.0,909.0,666.0,669.0,385.0,229.0,165.0,77.0
321,54.0,31.0,8.0,28.0,14.0,135.0,293.0,558.0,1143.0,717.0,429.0,398.0,383.0,345.0,403.0,479.0,915.0,911.0,563.0,336.0,251.0,206.0,178.0,102.0
322,22.0,9.0,4.0,0.0,8.0,49.0,62.0,183.0,461.0,515.0,340.0,288.0,323.0,273.0,265.0,261.0,262.0,354.0,325.0,299.0,204.0,120.0,66.0,57.0
323,12.0,4.0,2.0,3.0,23.0,118.0,89.0,129.0,236.0,100.0,92.0,103.0,119.0,108.0,103.0,91.0,93.0,187.0,243.0,133.0,122.0,64.0,81.0,33.0
324,21.0,9.0,9.0,0.0,25.0,39.0,284.0,430.0,590.0,367.0,222.0,232.0,241.0,247.0,190.0,247.0,272.0,410.0,424.0,327.0,181.0,123.0,80.0,58.0
325,36.0,28.0,15.0,6.0,7.0,42.0,223.0,478.0,602.0,193.0,136.0,161.0,160.0,198.0,183.0,195.0,210.0,344.0,346.0,231.0,177.0,150.0,95.0,65.0
326,15.0,10.0,11.0,10.0,3.0,20.0,122.0,359.0,239.0,134.0,95.0,114.0,137.0,141.0,114.0,120.0,214.0,189.0,299.0,251.0,114.0,72.0,53.0,39.0
327,36.0,39.0,14.0,4.0,5.0,184.0,260.0,527.0,629.0,235.0,189.0,198.0,233.0,282.0,244.0,249.0,367.0,596.0,679.0,703.0,585.0,428.0,306.0,147.0
328,29.0,16.0,7.0,4.0,2.0,3.0,5.0,10.0,59.0,105.0,131.0,165.0,255.0,377.0,331.0,418.0,721.0,802.0,425.0,271.0,113.0,73.0,46.0,53.0
329,8.0,10.0,3.0,2.0,5.0,38.0,187.0,582.0,675.0,223.0,300.0,320.0,427.0,467.0,413.0,493.0,478.0,643.0,638.0,452.0,298.0,216.0,106.0,51.0
330,16.0,9.0,8.0,1.0,1.0,10.0,18.0,75.0,125.0,71.0,78.0,72.0,114.0,75.0,101.0,85.0,67.0,138.0,177.0,130.0,74.0,62.0,43.0,36.0
331,48.0,16.0,3.0,2.0,8.0,28.0,460.0,420.0,828.0,335.0,250.0,288.0,340.0,310.0,298.0,369.0,786.0,1666.0,1006.0,683.0,479.0,363.0,239.0,116.0
332,56.0,34.0,21.0,9.0,43.0,60.0,113.0,233.0,518.0,397.0,285.0,274.0,292.0,223.0,246.0,292.0,370.0,571.0,812.0,514.0,392.0,296.0,206.0,140.0
333,8.0,2.0,6.0,2.0,2.0,48.0,223.0,721.0,596.0,235.0,123.0,138.0,118.0,154.0,117.0,134.0,180.0,377.0,410.0,328.0,176.0,141.0,86.0,36.0
334,30.0,26.0,5.0,10.0,32.0,91.0,412.0,528.0,561.0,517.0,475.0,628.0,577.0,539.0,564.0,587.0,743.0,838.0,825.0,622.0,358.0,214.0,172.0,85.0
335,3.0,2.0,2.0,0.0,2.0,11.0,24.0,50.0,44.0,55.0,62.0,68.0,85.0,96.0,94.0,71.0,114.0,85.0,55.0,92.0,42.0,26.0,26.0,21.0
336,3.0,1.0,1.0,1.0,0.0,0.0,11.0,30.0,48.0,117.0,66.0,35.0,39.0,23.0,29.0,41.0,51.0,42.0,49.0,38.0,54.0,39.0,9.0,4.0
337,43.0,35.0,12.0,15.0,27.0,100.0,636.0,680.0,768.0,384.0,273.0,273.0,384.0,355.0,328.0,310.0,483.0,765.0,760.0,576.0,351.0,234.0,174.0,110.0
338,22.0,1.0,2.0,1.0,3.0,23.0,340.0,1210.0,732.0,204.0,155.0,232.0,247.0,268.0,280.0,223.0,292.0,476.0,431.0,221.0,137.0,72.0,70.0,57.0
339,9.0,2.0,3.0,0.0,1.0,9.0,33.0,49.0,226.0,135.0,105.0,94.0,128.0,130.0,132.0,95.0,107.0,141.0,135.0,157.0,128.0,70.0,50.0,28.0
340,49.0,19.0,17.0,4.0,20.0,334.0,339.0,1318.0,861.0,453.0,327.0,396.0,434.0,428.0,442.0,493.0,593.0,797.0,999.0,824.0,526.0,339.0,263.0,140.0
341,50.0,30.0,17.0,5.0,3.0,43.0,82.0,83.0,125.0,267.0,463.0,860.0,1181.0,1428.0,1402.0,1602.0,1855.0,1244.0,811.0,523.0,340.0,298.0,405.0,138.0
342,25.0,11.0,2.0,1.0,0.0,7.0,30.0,107.0,127.0,237.0,223.0,348.0,367.0,359.0,532.0,902.0,1717.0,1186.0,660.0,495.0,442.0,203.0,126.0,60.0
343,6.0,2.0,1.0,1.0,36.0,151.0,319.0,1035.0,580.0,246.0,103.0,112.0,126.0,108.0,100.0,93.0,154.0,221.0,262.0,207.0,96.0,72.0,40.0,25.0
344,14.0,7.0,8.0,7.0,1.0,18.0,166.0,462.0,858.0,159.0,180.0,252.0,316.0,243.0,231.0,464.0,1096.0,3297.0,1783.0,898.0,379.0,229.0,140.0,61.0
345,1.0,2.0,4.0,0.0,0.0,50.0,87.0,240.0,464.0,221.0,159.0,156.0,170.0,127.0,153.0,141.0,233.0,564.0,278.0,152.0,88.0,59.0,35.0,21.0
346,16.0,5.0,6.0,11.0,23.0,50.0,270.0,612.0,1237.0,435.0,144.0,195.0,252.0,216.0,213.0,336.0,481.0,692.0,405.0,430.0,265.0,158.0,103.0,36.0
347,8.0,10.0,2.0,7.0,6.0,68.0,298.0,734.0,423.0,137.0,107.0,122.0,136.0,118.0,134.0,118.0,95.0,149.0,195.0,143.0,85.0,94.0,68.0,51.0
348,4.0,4.0,0.0,0.0,1.0,3.0,3.0,15.0,56.0,29.0,23.0,43.0,37.0,21.0,32.0,31.0,28.0,44.0,34.0,15.0,19.0,8.0,20.0,4.0
349,53.0,36.0,12.0,11.0,7.0,93.0,610.0,1018.0,859.0,306.0,171.0,233.0,246.0,201.0,221.0,228.0,276.0,476.0,685.0,548.0,310.0,235.0,189.0,108.0
350,26.0,7.0,3.0,3.0,5.0,171.0,367.0,641.0,874.0,424.0,176.0,200.0,198.0,168.0,165.0,192.0,302.0,418.0,329.0,268.0,193.0,148.0,110.0,59.0
351,4.0,2.0,3.0,1.0,5.0,7.0,17.0,14.0,56.0,19.0,21.0,25.0,25.0,33.0,31.0,17.0,29.0,30.0,24.0,33.0,18.0,18.0,9.0,2.0
352,0.0,0.0,0.0,0.0,0.0,0.0,3.0,13.0,7.0,7.0,6.0,10.0,18.0,12.0,17.0,10.0,20.0,21.0,30.0,22.0,25.0,11.0,11.0,4.0
353,1.0,0.0,0.0,0.0,1.0,1.0,24.0,14.0,29.0,3.0,5.0,11.0,13.0,8.0,10.0,53.0,57.0,22.0,27.0,18.0,11.0,6.0,6.0,3.0
354,5.0,2.0,0.0,2.0,11.0,5.0,41.0,119.0,162.0,92.0,82.0,74.0,87.0,72.0,74.0,43.0,60.0,103.0,61.0,73.0,63.0,28.0,12.0,12.0
355,0.0,0.0,1.0,0.0,1.0,5.0,11.0,0.0,3.0,13.0,21.0,6.0,25.0,21.0,19.0,24.0,42.0,35.0,23.0,21.0,16.0,9.0,0.0,15.0
356,0.0,1.0,1.0,1.0,0.0,0.0,0.0,5.0,2.0,10.0,4.0,10.0,7.0,6.0,5.0,10.0,6.0,11.0,16.0,6.0,17.0,12.0,10.0,4.0
359,14.0,8.0,3.0,3.0,36.0,41.0,223.0,940.0,1150.0,374.0,291.0,298.0,313.0,331.0,246.0,195.0,371.0,1092.0,786.0,441.0,269.0,176.0,93.0,35.0
364,7.0,165.0,55.0,3.0,48.0,138.0,337.0,517.0,536.0,371.0,212.0,296.0,279.0,224.0,255.0,336.0,751.0,1740.0,524.0,266.0,129.0,66.0,14.0,12.0
365,27.0,4.0,2.0,2.0,0.0,0.0,8.0,35.0,130.0,147.0,72.0,84.0,108.0,79.0,98.0,127.0,186.0,408.0,204.0,112.0,132.0,58.0,36.0,25.0
366,2.0,0.0,1.0,0.0,1.0,2.0,128.0,70.0,94.0,170.0,54.0,28.0,7.0,22.0,21.0,25.0,80.0,62.0,84.0,19.0,15.0,10.0,3.0,5.0
367,0.0,2.0,0.0,0.0,1.0,6.0,26.0,30.0,24.0,17.0,24.0,26.0,24.0,26.0,18.0,29.0,40.0,52.0,38.0,77.0,41.0,21.0,4.0,11.0
368,4.0,3.0,1.0,0.0,0.0,4.0,27.0,3.0,11.0,10.0,9.0,19.0,14.0,16.0,12.0,21.0,18.0,23.0,34.0,24.0,21.0,36.0,18.0,8.0
369,0.0,0.0,0.0,1.0,0.0,0.0,2.0,15.0,8.0,0.0,3.0,1.0,6.0,4.0,13.0,15.0,16.0,11.0,11.0,10.0,11.0,5.0,5.0,2.0
370,8.0,4.0,1.0,2.0,2.0,44.0,46.0,201.0,436.0,227.0,96.0,134.0,113.0,164.0,163.0,136.0,170.0,235.0,199.0,114.0,62.0,24.0,28.0,15.0
373,3.0,1.0,1.0,0.0,1.0,17.0,9.0,11.0,17.0,27.0,30.0,23.0,35.0,24.0,23.0,26.0,34.0,40.0,25.0,26.0,18.0,8.0,5.0,9.0
374,38.0,22.0,12.0,2.0,3.0,128.0,401.0,502.0,656.0,368.0,137.0,226.0,113.0,77.0,131.0,128.0,162.0,155.0,160.0,158.0,196.0,111.0,68.0,53.0
375,1.0,0.0,0.0,1.0,2.0,3.0,12.0,35.0,11.0,7.0,11.0,15.0,11.0,24.0,81.0,79.0,34.0,19.0,12.0,11.0,4.0,9.0,2.0,0.0
376,4.0,2.0,2.0,0.0,50.0,192.0,315.0,1499.0,962.0,133.0,86.0,71.0,71.0,48.0,54.0,55.0,237.0,609.0,331.0,142.0,39.0,24.0,22.0,17.0
377,7.0,0.0,2.0,1.0,3.0,1.0,54.0,7.0,33.0,41.0,44.0,31.0,26.0,30.0,33.0,24.0,96.0,134.0,75.0,28.0,43.0,22.0,8.0,10.0
378,1.0,1.0,0.0,0.0,0.0,2.0,21.0,22.0,51.0,36.0,42.0,30.0,32.0,28.0,53.0,32.0,44.0,64.0,48.0,26.0,22.0,14.0,9.0,5.0
381,0.0,0.0,0.0,0.0,0.0,9.0,109.0,35.0,49.0,34.0,65.0,24.0,40.0,36.0,33.0,29.0,56.0,63.0,79.0,78.0,44.0,31.0,24.0,9.0
382,7.0,1.0,0.0,0.0,11.0,38.0,69.0,56.0,192.0,136.0,63.0,50.0,67.0,41.0,51.0,61.0,94.0,51.0,53.0,41.0,37.0,26.0,8.0,5.0
383,10.0,4.0,2.0,2.0,3.0,7.0,17.0,101.0,123.0,100.0,132.0,140.0,168.0,211.0,269.0,504.0,922.0,791.0,344.0,220.0,110.0,40.0,28.0,29.0
384,3.0,0.0,0.0,0.0,0.0,0.0,1.0,1.0,0.0,2.0,0.0,1.0,1.0,3.0,1.0,0.0,2.0,1.0,3.0,1.0,1.0,0.0,0.0,0.0
385,2.0,0.0,2.0,1.0,2.0,1.0,33.0,4.0,50.0,16.0,18.0,19.0,28.0,10.0,8.0,10.0,8.0,11.0,17.0,3.0,15.0,7.0,5.0,2.0
386,2.0,1.0,3.0,1.0,2.0,1.0,1.0,6.0,22.0,9.0,6.0,5.0,7.0,6.0,12.0,8.0,4.0,6.0,5.0,12.0,2.0,1.0,0.0,1.0
388,3.0,2.0,1.0,0.0,1.0,1.0,2.0,3.0,12.0,4.0,8.0,9.0,21.0,18.0,17.0,16.0,17.0,8.0,7.0,10.0,9.0,4.0,3.0,0.0
390,2.0,3.0,1.0,3.0,3.0,0.0,0.0,0.0,5.0,4.0,12.0,9.0,5.0,3.0,3.0,8.0,8.0,3.0,5.0,5.0,2.0,1.0,3.0,1.0
391,0.0,0.0,1.0,1.0,0.0,4.0,5.0,4.0,2.0,2.0,1.0,3.0,3.0,4.0,1.0,5.0,2.0,3.0,3.0,0.0,1.0,2.0,2.0,1.0
392,4.0,0.0,0.0,0.0,0.0,0.0,0.0,5.0,2.0,4.0,1.0,2.0,1.0,1.0,5.0,2.0,0.0,4.0,0.0,1.0,1.0,3.0,5.0,2.0
393,0.0,0.0,0.0,0.0,0.0,1.0,0.0,1.0,2.0,0.0,0.0,1.0,0.0,1.0,3.0,2.0,1.0,2.0,0.0,1.0,0.0,2.0,0.0,0.0
394,8.0,9.0,0.0,2.0,27.0,226.0,232.0,823.0,770.0,192.0,74.0,107.0,106.0,134.0,110.0,103.0,110.0,170.0,164.0,129.0,78.0,37.0,30.0,15.0
395,0.0,0.0,1.0,0.0,0.0,0.0,0.0,1.0,2.0,0.0,0.0,0.0,3.0,5.0,11.0,7.0,9.0,6.0,10.0,5.0,9.0,9.0,2.0,1.0
396,1.0,0.0,0.0,0.0,0.0,1.0,0.0,0.0,1.0,5.0,4.0,0.0,3.0,7.0,4.0,10.0,9.0,5.0,6.0,5.0,5.0,4.0,3.0,1.0
397,2.0,1.0,0.0,0.0,0.0,0.0,1.0,1.0,5.0,16.0,11.0,13.0,18.0,9.0,19.0,13.0,13.0,16.0,19.0,16.0,21.0,7.0,1.0,4.0
398,0.0,0.0,0.0,0.0,0.0,0.0,0.0,0.0,0.0,5.0,2.0,2.0,3.0,4.0,5.0,4.0,10.0,10.0,2.0,9.0,2.0,5.0,0.0,0.0
399,0.0,0.0,0.0,0.0,0.0,1.0,4.0,2.0,8.0,17.0,18.0,15.0,21.0,21.0,25.0,19.0,19.0,19.0,22.0,12.0,12.0,3.0,3.0,2.0
400,0.0,1.0,0.0,1.0,0.0,0.0,1.0,1.0,3.0,2.0,4.0,7.0,8.0,7.0,4.0,10.0,3.0,3.0,3.0,3.0,1.0,6.0,3.0,0.0
401,4.0,1.0,0.0,1.0,0.0,17.0,25.0,40.0,128.0,59.0,33.0,49.0,44.0,63.0,50.0,47.0,44.0,42.0,79.0,46.0,25.0,19.0,11.0,3.0
402,12.0,1.0,3.0,1.0,0.0,1.0,14.0,22.0,149.0,76.0,100.0,61.0,65.0,85.0,88.0,72.0,75.0,110.0,111.0,104.0,84.0,74.0,27.0,26.0
403,9.0,1.0,1.0,0.0,0.0,0.0,5.0,29.0,74.0,28.0,26.0,37.0,46.0,42.0,33.0,46.0,74.0,115.0,79.0,115.0,56.0,67.0,71.0,21.0
405,41.0,8.0,12.0,4.0,4.0,3.0,22.0,17.0,83.0,40.0,49.0,22.0,43.0,61.0,43.0,31.0,89.0,179.0,91.0,78.0,65.0,98.0,138.0,84.0
406,13.0,8.0,0.0,2.0,3.0,9.0,38.0,43.0,93.0,73.0,99.0,83.0,99.0,117.0,127.0,133.0,161.0,156.0,147.0,84.0,74.0,33.0,18.0,23.0
407,0.0,0.0,0.0,0.0,2.0,0.0,0.0,1.0,2.0,5.0,3.0,4.0,2.0,7.0,4.0,4.0,1.0,1.0,1.0,4.0,8.0,0.0,1.0,2.0
408,4.0,2.0,2.0,2.0,2.0,2.0,0.0,11.0,5.0,15.0,27.0,22.0,13.0,8.0,6.0,3.0,7.0,2.0,3.0,1.0,3.0,3.0,1.0,6.0
409,0.0,0.0,0.0,0.0,0.0,0.0,0.0,0.0,0.0,8.0,0.0,1.0,0.0,1.0,3.0,0.0,1.0,0.0,0.0,4.0,1.0,0.0,1.0,0.0
410,3.0,0.0,0.0,0.0,0.0,1.0,7.0,17.0,9.0,11.0,6.0,12.0,13.0,8.0,15.0,20.0,18.0,21.0,13.0,20.0,13.0,11.0,9.0,10.0
411,2.0,1.0,1.0,1.0,0.0,0.0,2.0,16.0,112.0,34.0,8.0,4.0,7.0,8.0,15.0,4.0,6.0,9.0,2.0,4.0,5.0,4.0,1.0,0.0
412,14.0,7.0,4.0,2.0,0.0,0.0,0.0,5.0,7.0,7.0,7.0,6.0,2.0,6.0,8.0,7.0,6.0,7.0,20.0,14.0,7.0,5.0,20.0,22.0
413,2.0,0.0,0.0,0.0,0.0,14.0,59.0,93.0,147.0,82.0,47.0,27.0,33.0,30.0,34.0,15.0,26.0,31.0,20.0,19.0,18.0,2.0,2.0,3.0
414,42.0,1.0,1.0,2.0,0.0,4.0,83.0,145.0,468.0,398.0,164.0,202.0,380.0,407.0,289.0,282.0,578.0,672.0,516.0,322.0,287.0,157.0,92.0,48.0
415,4.0,3.0,0.0,0.0,0.0,0.0,1.0,1.0,9.0,5.0,15.0,9.0,20.0,20.0,15.0,13.0,18.0,35.0,51.0,22.0,19.0,18.0,6.0,5.0
416,0.0,0.0,0.0,0.0,1.0,7.0,13.0,54.0,89.0,46.0,40.0,29.0,24.0,44.0,26.0,25.0,36.0,19.0,33.0,17.0,15.0,16.0,1.0,1.0
417,11.0,3.0,0.0,1.0,23.0,34.0,53.0,178.0,431.0,371.0,331.0,242.0,231.0,235.0,182.0,170.0,193.0,273.0,245.0,155.0,108.0,79.0,41.0,22.0
418,11.0,4.0,0.0,0.0,39.0,6.0,61.0,184.0,403.0,305.0,221.0,151.0,165.0,166.0,128.0,110.0,130.0,142.0,170.0,109.0,96.0,42.0,27.0,23.0
419,11.0,6.0,0.0,2.0,0.0,20.0,48.0,130.0,281.0,270.0,240.0,221.0,172.0,144.0,124.0,114.0,144.0,185.0,173.0,113.0,85.0,60.0,41.0,11.0
420,39.0,19.0,5.0,3.0,3.0,2.0,41.0,133.0,262.0,228.0,137.0,152.0,236.0,255.0,197.0,189.0,302.0,336.0,464.0,473.0,366.0,248.0,129.0,91.0
421,0.0,0.0,0.0,0.0,0.0,0.0,1.0,1.0,20.0,61.0,20.0,7.0,12.0,5.0,6.0,3.0,6.0,6.0,5.0,8.0,7.0,1.0,3.0,0.0
422,1.0,0.0,0.0,0.0,0.0,3.0,4.0,16.0,14.0,25.0,29.0,43.0,41.0,52.0,53.0,113.0,162.0,128.0,55.0,41.0,23.0,10.0,8.0,4.0
423,69.0,37.0,27.0,7.0,3.0,5.0,7.0,30.0,67.0,105.0,203.0,371.0,553.0,528.0,510.0,586.0,1016.0,1320.0,980.0,480.0,386.0,244.0,160.0,84.0
424,2.0,0.0,0.0,0.0,0.0,0.0,5.0,23.0,44.0,54.0,73.0,131.0,207.0,251.0,277.0,291.0,372.0,288.0,63.0,42.0,15.0,12.0,1.0,1.0
425,3.0,1.0,0.0,0.0,0.0,0.0,7.0,106.0,368.0,137.0,118.0,95.0,94.0,111.0,94.0,77.0,84.0,84.0,70.0,40.0,22.0,15.0,16.0,5.0
426,17.0,6.0,1.0,2.0,0.0,70.0,42.0,253.0,150.0,227.0,220.0,208.0,372.0,303.0,253.0,316.0,370.0,352.0,299.0,192.0,135.0,104.0,73.0,44.0
427,7.0,2.0,0.0,0.0,1.0,1.0,11.0,18.0,76.0,74.0,47.0,36.0,40.0,22.0,38.0,11.0,17.0,30.0,30.0,19.0,12.0,7.0,8.0,5.0
428,0.0,0.0,1.0,0.0,1.0,2.0,6.0,17.0,8.0,27.0,16.0,19.0,21.0,25.0,18.0,13.0,33.0,16.0,16.0,14.0,12.0,2.0,1.0,1.0
429,0.0,3.0,1.0,1.0,0.0,0.0,4.0,3.0,5.0,7.0,5.0,5.0,12.0,7.0,8.0,7.0,8.0,7.0,15.0,4.0,2.0,3.0,5.0,2.0
430,0.0,1.0,0.0,0.0,0.0,0.0,1.0,1.0,1.0,5.0,1.0,6.0,3.0,3.0,3.0,4.0,6.0,2.0,4.0,5.0,3.0,2.0,1.0,0.0
431,1.0,0.0,0.0,0.0,2.0,2.0,6.0,10.0,7.0,6.0,7.0,3.0,6.0,3.0,5.0,0.0,5.0,6.0,3.0,3.0,3.0,1.0,2.0,0.0
432,5.0,0.0,0.0,0.0,1.0,14.0,15.0,63.0,233.0,51.0,24.0,35.0,94.0,72.0,68.0,92.0,241.0,560.0,611.0,259.0,92.0,33.0,30.0,15.0
433,0.0,1.0,0.0,1.0,0.0,1.0,2.0,4.0,10.0,7.0,3.0,4.0,10.0,6.0,9.0,21.0,21.0,13.0,11.0,4.0,4.0,1.0,3.0,0.0
434,1.0,5.0,0.0,0.0,2.0,3.0,6.0,119.0,131.0,136.0,207.0,115.0,87.0,67.0,118.0,66.0,101.0,103.0,153.0,108.0,52.0,44.0,26.0,15.0
435,0.0,0.0,0.0,0.0,0.0,1.0,3.0,6.0,8.0,20.0,17.0,18.0,8.0,27.0,18.0,30.0,16.0,13.0,7.0,2.0,1.0,0.0,4.0,3.0
436,0.0,1.0,0.0,0.0,1.0,3.0,2.0,13.0,16.0,9.0,26.0,21.0,22.0,18.0,25.0,35.0,116.0,63.0,8.0,10.0,7.0,2.0,8.0,0.0
437,1.0,0.0,0.0,0.0,1.0,0.0,0.0,9.0,38.0,8.0,4.0,16.0,15.0,19.0,22.0,33.0,61.0,184.0,61.0,11.0,11.0,13.0,15.0,1.0
438,1.0,2.0,0.0,0.0,1.0,0.0,0.0,2.0,4.0,1.0,2.0,5.0,7.0,5.0,5.0,4.0,65.0,29.0,8.0,3.0,6.0,5.0,3.0,5.0
439,0.0,0.0,0.0,1.0,0.0,0.0,18.0,52.0,36.0,26.0,26.0,29.0,15.0,3.0,6.0,12.0,5.0,16.0,1.0,3.0,2.0,5.0,3.0,4.0
440,1.0,0.0,0.0,0.0,0.0,1.0,5.0,4.0,3.0,0.0,1.0,4.0,1.0,3.0,2.0,0.0,3.0,2.0,2.0,0.0,2.0,2.0,0.0,1.0
441,0.0,0.0,0.0,0.0,0.0,0.0,1.0,0.0,1.0,1.0,5.0,2.0,4.0,6.0,4.0,4.0,6.0,7.0,2.0,3.0,0.0,2.0,0.0,2.0
442,3.0,1.0,1.0,0.0,1.0,2.0,8.0,17.0,15.0,19.0,62.0,22.0,21.0,24.0,30.0,15.0,16.0,24.0,62.0,29.0,31.0,11.0,8.0,2.0
443,0.0,0.0,2.0,1.0,0.0,0.0,2.0,38.0,7.0,7.0,5.0,11.0,4.0,14.0,6.0,8.0,3.0,5.0,16.0,7.0,6.0,8.0,6.0,0.0
444,0.0,0.0,0.0,0.0,1.0,0.0,1.0,1.0,5.0,2.0,3.0,4.0,15.0,25.0,5.0,8.0,3.0,8.0,10.0,4.0,1.0,2.0,1.0,0.0
445,1.0,0.0,0.0,0.0,0.0,2.0,1.0,2.0,6.0,12.0,19.0,23.0,24.0,18.0,16.0,13.0,37.0,21.0,11.0,6.0,7.0,0.0,0.0,0.0
446,6.0,0.0,0.0,0.0,1.0,0.0,0.0,0.0,1.0,0.0,7.0,8.0,5.0,4.0,8.0,6.0,11.0,6.0,2.0,18.0,42.0,2.0,5.0,13.0
447,21.0,7.0,5.0,7.0,2.0,8.0,39.0,258.0,175.0,103.0,87.0,96.0,86.0,98.0,117.0,101.0,140.0,271.0,306.0,232.0,157.0,122.0,62.0,46.0
448,0.0,0.0,0.0,1.0,10.0,1.0,6.0,23.0,11.0,16.0,12.0,8.0,19.0,13.0,21.0,39.0,35.0,29.0,21.0,45.0,24.0,66.0,25.0,2.0
449,0.0,2.0,1.0,0.0,10.0,15.0,40.0,172.0,367.0,164.0,70.0,69.0,48.0,48.0,27.0,27.0,48.0,80.0,78.0,51.0,34.0,24.0,7.0,5.0
450,1.0,2.0,0.0,0.0,0.0,0.0,2.0,43.0,30.0,17.0,11.0,7.0,20.0,14.0,20.0,17.0,21.0,22.0,25.0,28.0,22.0,3.0,5.0,8.0
451,24.0,13.0,9.0,1.0,3.0,25.0,43.0,177.0,289.0,55.0,91.0,104.0,113.0,155.0,145.0,137.0,172.0,291.0,316.0,142.0,101.0,117.0,83.0,37.0
452,3.0,5.0,3.0,0.0,0.0,0.0,16.0,31.0,14.0,13.0,12.0,15.0,19.0,31.0,27.0,19.0,34.0,44.0,35.0,17.0,20.0,39.0,39.0,9.0
453,10.0,10.0,3.0,6.0,8.0,1.0,30.0,73.0,59.0,38.0,69.0,55.0,59.0,48.0,57.0,77.0,71.0,140.0,86.0,49.0,30.0,45.0,29.0,25.0
454,20.0,12.0,6.0,4.0,2.0,29.0,56.0,84.0,99.0,57.0,84.0,136.0,153.0,173.0,152.0,158.0,181.0,314.0,275.0,183.0,137.0,96.0,81.0,33.0
455,1.0,1.0,0.0,0.0,0.0,54.0,23.0,4.0,13.0,4.0,8.0,15.0,38.0,12.0,9.0,41.0,36.0,50.0,24.0,24.0,17.0,16.0,8.0,3.0
456,0.0,0.0,1.0,6.0,3.0,41.0,36.0,20.0,40.0,23.0,47.0,24.0,28.0,17.0,15.0,22.0,11.0,18.0,21.0,15.0,8.0,14.0,6.0,5.0
457,7.0,14.0,3.0,2.0,1.0,103.0,61.0,147.0,356.0,125.0,94.0,65.0,72.0,76.0,68.0,67.0,63.0,73.0,97.0,87.0,109.0,39.0,27.0,14.0
458,12.0,4.0,5.0,1.0,1.0,43.0,91.0,49.0,52.0,87.0,109.0,106.0,142.0,134.0,140.0,122.0,129.0,211.0,293.0,219.0,160.0,92.0,47.0,16.0
459,34.0,19.0,6.0,6.0,5.0,36.0,131.0,281.0,179.0,203.0,283.0,329.0,364.0,480.0,428.0,480.0,632.0,679.0,603.0,428.0,310.0,95.0,71.0,39.0
460,45.0,34.0,24.0,10.0,10.0,10.0,103.0,316.0,365.0,199.0,106.0,181.0,137.0,144.0,126.0,132.0,129.0,229.0,201.0,132.0,134.0,82.0,55.0,44.0
461,21.0,14.0,8.0,7.0,4.0,10.0,56.0,193.0,253.0,151.0,161.0,165.0,180.0,175.0,132.0,116.0,139.0,286.0,296.0,139.0,126.0,93.0,68.0,61.0
462,4.0,4.0,0.0,2.0,4.0,27.0,105.0,537.0,501.0,100.0,85.0,72.0,50.0,38.0,37.0,63.0,51.0,134.0,94.0,59.0,66.0,20.0,17.0,6.0
463,56.0,26.0,9.0,0.0,2.0,10.0,183.0,552.0,639.0,169.0,183.0,194.0,186.0,229.0,253.0,226.0,208.0,305.0,335.0,291.0,226.0,183.0,140.0,113.0
464,16.0,4.0,4.0,1.0,2.0,7.0,107.0,442.0,577.0,86.0,70.0,90.0,84.0,82.0,88.0,113.0,173.0,200.0,173.0,128.0,75.0,58.0,46.0,33.0
465,9.0,5.0,2.0,0.0,4.0,27.0,80.0,169.0,219.0,74.0,97.0,164.0,184.0,143.0,164.0,143.0,142.0,281.0,260.0,175.0,138.0,108.0,50.0,14.0
466,0.0,0.0,0.0,1.0,4.0,10.0,17.0,46.0,103.0,21.0,14.0,25.0,9.0,8.0,13.0,10.0,22.0,19.0,13.0,19.0,9.0,3.0,1.0,6.0
467,0.0,1.0,0.0,0.0,16.0,20.0,38.0,44.0,67.0,20.0,14.0,17.0,21.0,28.0,34.0,19.0,12.0,27.0,37.0,35.0,16.0,7.0,5.0,4.0
468,2.0,4.0,0.0,0.0,1.0,4.0,11.0,78.0,29.0,21.0,20.0,15.0,17.0,19.0,25.0,21.0,26.0,30.0,24.0,36.0,24.0,18.0,16.0,6.0
469,2.0,0.0,0.0,0.0,0.0,28.0,8.0,22.0,22.0,5.0,10.0,24.0,32.0,31.0,55.0,85.0,118.0,87.0,60.0,71.0,70.0,99.0,14.0,9.0
470,4.0,0.0,3.0,0.0,0.0,0.0,20.0,28.0,35.0,28.0,30.0,25.0,31.0,27.0,41.0,39.0,82.0,54.0,51.0,32.0,31.0,95.0,12.0,5.0
471,1.0,1.0,3.0,1.0,0.0,13.0,10.0,187.0,233.0,61.0,52.0,45.0,51.0,55.0,38.0,68.0,52.0,89.0,87.0,80.0,63.0,46.0,27.0,6.0
472,4.0,7.0,0.0,0.0,12.0,27.0,41.0,238.0,132.0,36.0,46.0,36.0,38.0,35.0,31.0,35.0,48.0,61.0,74.0,79.0,43.0,30.0,21.0,6.0
474,1.0,1.0,1.0,0.0,1.0,12.0,12.0,81.0,75.0,106.0,27.0,36.0,25.0,33.0,41.0,43.0,61.0,97.0,85.0,82.0,48.0,37.0,43.0,20.0
475,6.0,3.0,5.0,0.0,3.0,26.0,26.0,36.0,96.0,57.0,45.0,60.0,40.0,54.0,38.0,31.0,43.0,124.0,127.0,103.0,46.0,36.0,26.0,12.0
476,3.0,4.0,3.0,89.0,18.0,12.0,40.0,74.0,25.0,32.0,30.0,26.0,32.0,26.0,33.0,25.0,52.0,55.0,84.0,77.0,44.0,24.0,20.0,8.0
477,4.0,2.0,0.0,4.0,12.0,1.0,6.0,25.0,50.0,33.0,28.0,22.0,33.0,29.0,24.0,34.0,57.0,64.0,90.0,58.0,44.0,30.0,19.0,14.0
478,12.0,4.0,0.0,0.0,22.0,57.0,30.0,258.0,86.0,51.0,50.0,75.0,45.0,41.0,72.0,64.0,108.0,347.0,295.0,142.0,71.0,58.0,35.0,31.0
479,4.0,0.0,0.0,2.0,6.0,5.0,38.0,270.0,254.0,101.0,42.0,60.0,99.0,33.0,45.0,31.0,28.0,39.0,45.0,22.0,22.0,15.0,20.0,6.0
480,5.0,3.0,2.0,1.0,1.0,0.0,75.0,18.0,222.0,38.0,25.0,40.0,28.0,14.0,17.0,25.0,41.0,71.0,74.0,38.0,18.0,15.0,15.0,8.0
481,6.0,3.0,2.0,2.0,3.0,3.0,9.0,19.0,46.0,34.0,24.0,33.0,49.0,31.0,43.0,62.0,32.0,104.0,80.0,42.0,34.0,48.0,9.0,4.0
482,6.0,5.0,1.0,1.0,1.0,14.0,92.0,520.0,404.0,62.0,58.0,78.0,66.0,27.0,23.0,70.0,72.0,113.0,118.0,73.0,57.0,23.0,16.0,11.0
483,7.0,3.0,3.0,4.0,5.0,65.0,18.0,14.0,38.0,35.0,21.0,46.0,33.0,28.0,27.0,34.0,93.0,366.0,171.0,55.0,50.0,39.0,28.0,14.0
484,3.0,1.0,2.0,2.0,0.0,2.0,57.0,90.0,40.0,34.0,28.0,34.0,31.0,35.0,43.0,32.0,67.0,118.0,185.0,80.0,44.0,22.0,23.0,9.0
485,12.0,5.0,1.0,0.0,2.0,18.0,104.0,78.0,89.0,32.0,24.0,25.0,23.0,28.0,30.0,30.0,36.0,40.0,79.0,32.0,27.0,48.0,12.0,9.0
486,13.0,7.0,7.0,0.0,3.0,20.0,75.0,118.0,262.0,72.0,53.0,79.0,75.0,96.0,75.0,57.0,105.0,86.0,141.0,102.0,56.0,42.0,35.0,21.0
487,9.0,0.0,5.0,2.0,2.0,3.0,10.0,64.0,30.0,28.0,32.0,33.0,59.0,28.0,39.0,26.0,34.0,36.0,81.0,67.0,45.0,37.0,11.0,16.0
488,2.0,3.0,0.0,1.0,0.0,12.0,13.0,35.0,44.0,7.0,10.0,9.0,10.0,3.0,9.0,8.0,6.0,8.0,34.0,22.0,8.0,1.0,12.0,4.0
489,2.0,1.0,0.0,0.0,1.0,2.0,2.0,112.0,40.0,81.0,27.0,18.0,18.0,65.0,43.0,91.0,87.0,339.0,137.0,73.0,45.0,39.0,17.0,12.0
490,13.0,4.0,1.0,3.0,17.0,7.0,15.0,87.0,103.0,35.0,41.0,37.0,38.0,48.0,45.0,74.0,124.0,144.0,152.0,107.0,111.0,66.0,53.0,22.0
491,6.0,2.0,0.0,0.0,0.0,4.0,3.0,53.0,35.0,22.0,31.0,37.0,53.0,39.0,116.0,73.0,209.0,119.0,117.0,114.0,134.0,109.0,118.0,52.0
492,7.0,2.0,2.0,0.0,0.0,4.0,99.0,191.0,118.0,45.0,83.0,89.0,87.0,46.0,68.0,88.0,63.0,95.0,127.0,74.0,49.0,32.0,19.0,12.0
493,6.0,7.0,21.0,36.0,9.0,11.0,55.0,263.0,329.0,101.0,52.0,39.0,94.0,75.0,84.0,148.0,246.0,255.0,169.0,121.0,157.0,156.0,33.0,16.0
494,0.0,0.0,0.0,0.0,0.0,0.0,10.0,31.0,19.0,11.0,26.0,23.0,17.0,13.0,14.0,42.0,26.0,35.0,24.0,22.0,21.0,7.0,7.0,3.0
495,8.0,8.0,19.0,43.0,15.0,4.0,4.0,29.0,19.0,11.0,16.0,16.0,14.0,41.0,15.0,8.0,16.0,25.0,33.0,22.0,20.0,10.0,7.0,7.0
496,2.0,2.0,1.0,1.0,0.0,15.0,77.0,82.0,100.0,24.0,15.0,27.0,38.0,20.0,21.0,25.0,30.0,33.0,59.0,29.0,22.0,10.0,17.0,7.0
497,15.0,6.0,9.0,8.0,4.0,2.0,22.0,44.0,18.0,19.0,22.0,31.0,47.0,55.0,63.0,46.0,124.0,174.0,177.0,124.0,66.0,47.0,48.0,28.0
498,13.0,11.0,3.0,4.0,1.0,2.0,62.0,82.0,69.0,33.0,26.0,46.0,41.0,31.0,35.0,55.0,53.0,145.0,159.0,77.0,82.0,48.0,37.0,18.0
499,1.0,0.0,0.0,1.0,2.0,8.0,34.0,131.0,311.0,35.0,44.0,39.0,20.0,40.0,27.0,44.0,45.0,66.0,78.0,43.0,28.0,14.0,5.0,9.0
500,14.0,8.0,4.0,3.0,6.0,6.0,14.0,32.0,22.0,31.0,32.0,25.0,35.0,22.0,38.0,25.0,46.0,54.0,62.0,68.0,48.0,23.0,33.0,17.0
501,8.0,5.0,2.0,2.0,1.0,11.0,67.0,152.0,336.0,79.0,65.0,68.0,106.0,106.0,75.0,66.0,48.0,83.0,105.0,76.0,46.0,37.0,30.0,17.0
502,18.0,5.0,7.0,3.0,2.0,43.0,132.0,217.0,334.0,83.0,47.0,81.0,54.0,56.0,38.0,39.0,62.0,83.0,136.0,88.0,97.0,66.0,44.0,25.0
503,12.0,2.0,1.0,2.0,4.0,15.0,117.0,183.0,215.0,46.0,71.0,61.0,72.0,90.0,130.0,96.0,61.0,100.0,74.0,66.0,53.0,42.0,19.0,13.0
504,19.0,13.0,5.0,4.0,5.0,55.0,251.0,474.0,331.0,146.0,91.0,75.0,71.0,80.0,67.0,67.0,79.0,132.0,166.0,113.0,89.0,55.0,49.0,44.0
505,1.0,2.0,2.0,1.0,3.0,17.0,35.0,115.0,150.0,55.0,45.0,35.0,68.0,41.0,48.0,113.0,100.0,224.0,198.0,156.0,103.0,59.0,77.0,28.0
506,14.0,9.0,7.0,1.0,2.0,197.0,52.0,564.0,576.0,54.0,66.0,88.0,120.0,99.0,86.0,99.0,132.0,145.0,121.0,87.0,76.0,70.0,53.0,30.0
507,16.0,13.0,5.0,7.0,3.0,22.0,143.0,362.0,879.0,184.0,69.0,91.0,131.0,94.0,96.0,81.0,101.0,194.0,219.0,157.0,95.0,82.0,65.0,29.0
508,7.0,3.0,2.0,9.0,5.0,2.0,14.0,60.0,49.0,16.0,31.0,42.0,58.0,39.0,36.0,44.0,27.0,106.0,47.0,32.0,10.0,14.0,12.0,7.0
509,4.0,3.0,7.0,1.0,0.0,2.0,61.0,122.0,168.0,44.0,97.0,100.0,62.0,75.0,62.0,62.0,46.0,76.0,59.0,61.0,44.0,17.0,15.0,12.0
510,4.0,0.0,2.0,5.0,18.0,24.0,39.0,157.0,98.0,42.0,33.0,13.0,35.0,32.0,32.0,29.0,27.0,33.0,45.0,54.0,38.0,15.0,16.0,7.0
511,6.0,5.0,3.0,1.0,1.0,12.0,284.0,470.0,343.0,127.0,131.0,116.0,118.0,144.0,162.0,142.0,182.0,220.0,142.0,116.0,73.0,57.0,28.0,23.0
514,1.0,0.0,1.0,1.0,3.0,2.0,70.0,131.0,26.0,45.0,34.0,16.0,31.0,16.0,18.0,19.0,16.0,22.0,45.0,22.0,6.0,17.0,5.0,1.0
515,12.0,7.0,4.0,5.0,1.0,50.0,51.0,22.0,105.0,30.0,53.0,47.0,54.0,61.0,60.0,47.0,95.0,186.0,262.0,144.0,80.0,80.0,60.0,36.0
517,3.0,2.0,2.0,0.0,1.0,5.0,10.0,73.0,19.0,17.0,30.0,26.0,47.0,24.0,26.0,33.0,43.0,73.0,73.0,35.0,33.0,22.0,9.0,7.0
518,0.0,1.0,0.0,0.0,0.0,35.0,6.0,22.0,15.0,12.0,8.0,19.0,24.0,36.0,40.0,30.0,44.0,44.0,21.0,13.0,11.0,4.0,2.0,1.0
519,3.0,0.0,0.0,0.0,5.0,12.0,16.0,14.0,37.0,12.0,5.0,9.0,9.0,6.0,11.0,6.0,8.0,5.0,13.0,7.0,6.0,4.0,4.0,3.0
520,24.0,17.0,15.0,5.0,0.0,2.0,8.0,38.0,125.0,38.0,47.0,56.0,61.0,62.0,70.0,66.0,96.0,107.0,149.0,136.0,149.0,175.0,112.0,52.0
522,0.0,1.0,0.0,0.0,0.0,107.0,62.0,27.0,141.0,20.0,24.0,21.0,21.0,25.0,66.0,27.0,33.0,39.0,33.0,27.0,7.0,16.0,10.0,1.0
523,6.0,3.0,1.0,1.0,0.0,41.0,60.0,262.0,185.0,161.0,109.0,69.0,72.0,68.0,40.0,67.0,88.0,118.0,138.0,76.0,22.0,19.0,7.0,13.0
524,0.0,0.0,0.0,0.0,0.0,1.0,0.0,10.0,8.0,14.0,13.0,8.0,10.0,18.0,11.0,2.0,4.0,3.0,5.0,7.0,5.0,11.0,3.0,1.0
525,2.0,3.0,0.0,1.0,0.0,1.0,29.0,176.0,102.0,27.0,30.0,19.0,20.0,19.0,19.0,9.0,17.0,19.0,25.0,29.0,13.0,6.0,2.0,5.0
526,1.0,2.0,0.0,0.0,1.0,0.0,6.0,16.0,36.0,6.0,11.0,8.0,11.0,7.0,12.0,13.0,19.0,52.0,19.0,36.0,18.0,7.0,2.0,0.0
527,1.0,2.0,2.0,0.0,0.0,2.0,8.0,78.0,90.0,13.0,19.0,9.0,18.0,13.0,10.0,10.0,12.0,9.0,13.0,14.0,9.0,13.0,2.0,1.0
528,0.0,1.0,0.0,0.0,0.0,0.0,1.0,19.0,3.0,0.0,5.0,4.0,11.0,7.0,75.0,6.0,25.0,6.0,4.0,2.0,8.0,3.0,1.0,0.0
529,0.0,0.0,0.0,1.0,0.0,19.0,1.0,2.0,0.0,1.0,1.0,2.0,2.0,1.0,4.0,6.0,2.0,4.0,2.0,0.0,2.0,1.0,0.0,0.0
530,0.0,0.0,0.0,0.0,0.0,62.0,0.0,1.0,0.0,4.0,1.0,1.0,1.0,1.0,0.0,4.0,1.0,1.0,1.0,2.0,3.0,2.0,0.0,0.0
531,2.0,3.0,0.0,0.0,0.0,1.0,0.0,3.0,1.0,1.0,2.0,5.0,7.0,5.0,4.0,8.0,5.0,7.0,4.0,3.0,3.0,4.0,3.0,0.0
532,6.0,4.0,0.0,0.0,0.0,0.0,1.0,16.0,33.0,13.0,8.0,2.0,3.0,8.0,8.0,8.0,10.0,26.0,14.0,8.0,11.0,17.0,11.0,12.0
533,0.0,1.0,0.0,0.0,1.0,3.0,1.0,1.0,18.0,5.0,4.0,4.0,5.0,2.0,2.0,3.0,3.0,8.0,5.0,9.0,5.0,1.0,0.0,0.0
534,0.0,1.0,0.0,1.0,0.0,2.0,0.0,6.0,15.0,7.0,4.0,6.0,5.0,6.0,5.0,2.0,3.0,4.0,0.0,2.0,4.0,1.0,1.0,0.0
535,1.0,2.0,2.0,1.0,0.0,0.0,1.0,1.0,2.0,2.0,3.0,2.0,1.0,2.0,4.0,2.0,6.0,5.0,2.0,6.0,7.0,2.0,4.0,0.0
536,0.0,0.0,1.0,0.0,0.0,0.0,0.0,6.0,1.0,3.0,7.0,0.0,6.0,29.0,9.0,4.0,2.0,5.0,2.0,2.0,4.0,0.0,3.0,1.0
537,0.0,1.0,1.0,0.0,0.0,6.0,0.0,0.0,2.0,0.0,0.0,1.0,0.0,0.0,3.0,1.0,1.0,3.0,2.0,1.0,0.0,0.0,2.0,1.0
538,0.0,0.0,0.0,0.0,0.0,0.0,0.0,0.0,0.0,0.0,0.0,0.0,0.0,1.0,2.0,3.0,0.0,0.0,1.0,1.0,1.0,0.0,0.0,0.0
539,0.0,0.0,0.0,1.0,1.0,0.0,0.0,2.0,4.0,1.0,1.0,1.0,10.0,4.0,4.0,0.0,0.0,2.0,1.0,0.0,0.0,0.0,0.0,0.0
540,0.0,0.0,2.0,0.0,0.0,3.0,0.0,1.0,8.0,2.0,1.0,3.0,3.0,2.0,4.0,5.0,5.0,1.0,1.0,1.0,2.0,2.0,0.0,0.0
541,1.0,0.0,2.0,1.0,0.0,1.0,2.0,2.0,6.0,10.0,4.0,3.0,1.0,4.0,6.0,5.0,1.0,2.0,4.0,3.0,2.0,1.0,4.0,3.0
542,0.0,0.0,0.0,0.0,0.0,1.0,0.0,7.0,10.0,5.0,4.0,3.0,2.0,5.0,5.0,3.0,1.0,1.0,3.0,3.0,3.0,0.0,2.0,0.0
543,1.0,0.0,0.0,0.0,0.0,0.0,2.0,0.0,5.0,5.0,6.0,8.0,3.0,4.0,60.0,10.0,4.0,0.0,1.0,1.0,2.0,0.0,3.0,0.0
544,1.0,0.0,1.0,1.0,0.0,0.0,0.0,8.0,0.0,2.0,0.0,3.0,2.0,2.0,1.0,7.0,2.0,4.0,1.0,1.0,0.0,1.0,0.0,2.0
545,0.0,0.0,0.0,0.0,0.0,0.0,1.0,1.0,3.0,5.0,4.0,3.0,0.0,0.0,0.0,2.0,1.0,3.0,20.0,0.0,1.0,0.0,5.0,0.0
546,0.0,0.0,1.0,0.0,0.0,1.0,0.0,2.0,1.0,3.0,7.0,5.0,3.0,5.0,8.0,11.0,13.0,23.0,12.0,10.0,8.0,3.0,1.0,0.0
547,0.0,0.0,0.0,0.0,0.0,2.0,2.0,5.0,4.0,22.0,2.0,10.0,5.0,9.0,5.0,4.0,7.0,6.0,12.0,4.0,5.0,5.0,0.0,0.0
548,0.0,2.0,0.0,0.0,0.0,0.0,0.0,0.0,0.0,0.0,1.0,1.0,2.0,0.0,0.0,2.0,0.0,1.0,4.0,0.0,0.0,3.0,1.0,1.0
549,0.0,0.0,0.0,0.0,0.0,0.0,0.0,0.0,3.0,3.0,0.0,1.0,1.0,3.0,2.0,4.0,2.0,3.0,0.0,0.0,1.0,0.0,0.0,0.0
550,1.0,0.0,0.0,0.0,3.0,3.0,0.0,1.0,2.0,1.0,1.0,4.0,7.0,1.0,2.0,1.0,1.0,1.0,2.0,4.0,2.0,0.0,0.0,0.0
551,0.0,2.0,1.0,0.0,0.0,0.0,1.0,1.0,3.0,8.0,3.0,11.0,6.0,10.0,15.0,11.0,6.0,6.0,2.0,1.0,2.0,2.0,2.0,3.0
552,1.0,0.0,1.0,0.0,0.0,1.0,3.0,4.0,4.0,2.0,6.0,9.0,8.0,11.0,6.0,41.0,62.0,83.0,7.0,5.0,4.0,5.0,0.0,2.0
553,1.0,1.0,0.0,0.0,0.0,2.0,10.0,1.0,2.0,0.0,0.0,0.0,0.0,2.0,6.0,4.0,4.0,5.0,6.0,8.0,0.0,1.0,3.0,2.0
554,0.0,0.0,0.0,0.0,0.0,0.0,0.0,0.0,0.0,1.0,6.0,3.0,0.0,2.0,4.0,4.0,2.0,0.0,1.0,2.0,0.0,1.0,0.0,0.0
555,0.0,0.0,0.0,0.0,1.0,1.0,2.0,16.0,5.0,1.0,0.0,1.0,0.0,0.0,0.0,2.0,4.0,0.0,4.0,3.0,0.0,2.0,0.0,0.0
556,0.0,0.0,0.0,0.0,0.0,0.0,0.0,0.0,1.0,0.0,0.0,1.0,0.0,0.0,1.0,0.0,0.0,0.0,4.0,2.0,0.0,0.0,0.0,0.0
557,0.0,0.0,1.0,1.0,0.0,0.0,0.0,0.0,1.0,1.0,0.0,0.0,0.0,0.0,0.0,1.0,0.0,0.0,1.0,0.0,0.0,0.0,0.0,0.0
558,1.0,1.0,1.0,0.0,0.0,0.0,0.0,0.0,0.0,0.0,1.0,0.0,0.0,0.0,1.0,1.0,1.0,0.0,0.0,0.0,1.0,0.0,0.0,0.0
559,0.0,0.0,0.0,1.0,0.0,0.0,2.0,1.0,0.0,1.0,0.0,2.0,1.0,0.0,1.0,1.0,3.0,3.0,3.0,1.0,3.0,0.0,0.0,0.0
560,0.0,0.0,1.0,0.0,1.0,0.0,0.0,0.0,2.0,0.0,3.0,1.0,1.0,1.0,1.0,2.0,9.0,0.0,0.0,0.0,0.0,0.0,0.0,0.0
561,0.0,0.0,0.0,0.0,0.0,0.0,5.0,1.0,1.0,0.0,0.0,3.0,3.0,2.0,1.0,0.0,2.0,0.0,1.0,2.0,5.0,0.0,0.0,0.0
562,0.0,0.0,0.0,0.0,0.0,0.0,0.0,0.0,0.0,0.0,2.0,0.0,0.0,0.0,0.0,1.0,0.0,3.0,0.0,2.0,0.0,0.0,0.0,0.0
563,0.0,2.0,0.0,0.0,0.0,0.0,1.0,2.0,0.0,7.0,1.0,2.0,4.0,3.0,2.0,2.0,7.0,8.0,1.0,1.0,0.0,2.0,0.0,1.0
564,1.0,0.0,0.0,0.0,0.0,0.0,2.0,2.0,2.0,0.0,2.0,3.0,1.0,3.0,2.0,6.0,4.0,4.0,2.0,2.0,0.0,0.0,1.0,0.0
565,0.0,0.0,0.0,0.0,0.0,0.0,0.0,0.0,0.0,0.0,1.0,0.0,1.0,0.0,0.0,0.0,1.0,0.0,0.0,0.0,0.0,0.0,0.0,1.0
566,0.0,0.0,0.0,0.0,0.0,0.0,0.0,1.0,0.0,2.0,3.0,3.0,1.0,4.0,0.0,1.0,2.0,2.0,1.0,0.0,0.0,1.0,0.0,0.0
567,0.0,0.0,0.0,0.0,0.0,0.0,0.0,0.0,1.0,0.0,0.0,0.0,1.0,3.0,2.0,0.0,0.0,0.0,1.0,0.0,2.0,0.0,0.0,0.0
568,0.0,0.0,0.0,0.0,0.0,1.0,0.0,0.0,1.0,1.0,0.0,0.0,1.0,0.0,1.0,0.0,2.0,0.0,0.0,1.0,0.0,0.0,5.0,0.0
569,0.0,0.0,0.0,0.0,0.0,0.0,0.0,0.0,0.0,0.0,0.0,0.0,1.0,0.0,2.0,0.0,3.0,4.0,2.0,2.0,0.0,0.0,0.0,0.0
570,3.0,2.0,4.0,0.0,4.0,1.0,1.0,1.0,3.0,5.0,8.0,7.0,17.0,27.0,16.0,27.0,28.0,30.0,21.0,14.0,12.0,11.0,3.0,3.0
571,1.0,0.0,0.0,0.0,0.0,0.0,1.0,4.0,3.0,3.0,9.0,12.0,2.0,7.0,7.0,13.0,15.0,15.0,23.0,4.0,1.0,1.0,1.0,2.0
572,6.0,22.0,8.0,6.0,0.0,0.0,0.0,0.0,1.0,0.0,1.0,3.0,2.0,3.0,3.0,6.0,6.0,5.0,1.0,3.0,4.0,5.0,3.0,4.0
573,14.0,25.0,19.0,12.0,2.0,1.0,0.0,0.0,0.0,1.0,1.0,5.0,5.0,3.0,2.0,9.0,9.0,13.0,9.0,10.0,12.0,9.0,7.0,5.0
574,0.0,1.0,0.0,1.0,0.0,2.0,1.0,0.0,0.0,2.0,1.0,4.0,6.0,4.0,3.0,10.0,11.0,11.0,8.0,3.0,3.0,5.0,3.0,2.0
575,4.0,2.0,1.0,3.0,1.0,0.0,0.0,2.0,2.0,8.0,11.0,10.0,5.0,10.0,7.0,5.0,8.0,11.0,14.0,5.0,2.0,3.0,2.0,5.0
576,0.0,0.0,0.0,0.0,0.0,0.0,0.0,0.0,1.0,0.0,4.0,1.0,3.0,8.0,8.0,8.0,9.0,4.0,7.0,2.0,4.0,5.0,3.0,3.0
577,1.0,0.0,0.0,0.0,0.0,0.0,0.0,0.0,2.0,1.0,0.0,2.0,2.0,1.0,3.0,2.0,2.0,7.0,4.0,3.0,7.0,6.0,2.0,1.0
578,1.0,0.0,0.0,0.0,0.0,0.0,0.0,0.0,0.0,1.0,2.0,3.0,1.0,2.0,9.0,7.0,9.0,4.0,1.0,1.0,1.0,1.0,2.0,1.0
579,4.0,2.0,1.0,2.0,0.0,0.0,0.0,0.0,0.0,1.0,4.0,3.0,2.0,9.0,9.0,5.0,6.0,6.0,4.0,3.0,7.0,2.0,5.0,7.0
580,5.0,9.0,4.0,3.0,2.0,1.0,1.0,1.0,1.0,6.0,5.0,5.0,9.0,12.0,20.0,22.0,6.0,16.0,10.0,10.0,15.0,7.0,7.0,5.0
583,1.0,0.0,0.0,0.0,0.0,0.0,1.0,3.0,0.0,2.0,1.0,1.0,3.0,5.0,2.0,4.0,1.0,4.0,1.0,1.0,0.0,0.0,0.0,0.0
584,0.0,0.0,0.0,0.0,0.0,0.0,0.0,0.0,0.0,0.0,0.0,0.0,1.0,2.0,3.0,2.0,2.0,0.0,2.0,0.0,1.0,1.0,1.0,0.0
585,0.0,2.0,1.0,0.0,0.0,3.0,1.0,8.0,0.0,3.0,2.0,3.0,3.0,3.0,6.0,5.0,7.0,7.0,8.0,5.0,4.0,1.0,1.0,2.0
586,0.0,0.0,0.0,0.0,0.0,0.0,2.0,0.0,0.0,1.0,2.0,0.0,0.0,4.0,1.0,0.0,1.0,1.0,1.0,1.0,1.0,0.0,0.0,0.0
587,0.0,0.0,2.0,0.0,0.0,1.0,5.0,1.0,1.0,0.0,1.0,1.0,0.0,1.0,5.0,3.0,1.0,1.0,1.0,4.0,8.0,1.0,5.0,1.0
588,1.0,0.0,0.0,0.0,0.0,0.0,0.0,0.0,0.0,0.0,1.0,1.0,0.0,0.0,2.0,0.0,0.0,2.0,2.0,2.0,1.0,1.0,2.0,0.0
589,0.0,0.0,0.0,0.0,0.0,0.0,10.0,19.0,47.0,20.0,9.0,10.0,12.0,12.0,6.0,12.0,6.0,8.0,9.0,7.0,5.0,4.0,2.0,3.0
590,0.0,2.0,0.0,0.0,1.0,52.0,22.0,30.0,250.0,30.0,50.0,15.0,20.0,13.0,13.0,22.0,11.0,12.0,16.0,10.0,11.0,6.0,3.0,0.0
591,4.0,1.0,0.0,0.0,2.0,1.0,5.0,7.0,19.0,5.0,8.0,18.0,16.0,7.0,5.0,20.0,36.0,92.0,39.0,26.0,13.0,10.0,5.0,3.0
592,1.0,0.0,1.0,0.0,0.0,0.0,4.0,10.0,11.0,5.0,11.0,1.0,11.0,11.0,11.0,9.0,14.0,100.0,61.0,16.0,12.0,8.0,14.0,7.0
593,0.0,0.0,0.0,1.0,0.0,1.0,5.0,0.0,3.0,0.0,0.0,1.0,0.0,1.0,0.0,1.0,1.0,0.0,2.0,2.0,1.0,0.0,0.0,2.0
594,0.0,1.0,0.0,0.0,0.0,0.0,0.0,4.0,2.0,2.0,2.0,2.0,4.0,63.0,28.0,6.0,3.0,4.0,11.0,4.0,4.0,4.0,5.0,0.0
595,1.0,0.0,0.0,1.0,0.0,0.0,0.0,1.0,2.0,0.0,1.0,3.0,0.0,2.0,2.0,2.0,0.0,0.0,1.0,1.0,2.0,5.0,1.0,0.0
596,7.0,6.0,3.0,0.0,0.0,2.0,61.0,379.0,595.0,555.0,134.0,127.0,148.0,161.0,153.0,193.0,249.0,549.0,319.0,248.0,114.0,101.0,52.0,11.0
597,3.0,3.0,0.0,0.0,1.0,5.0,33.0,37.0,109.0,126.0,64.0,89.0,89.0,95.0,88.0,110.0,193.0,514.0,265.0,121.0,74.0,52.0,22.0,11.0
598,4.0,1.0,0.0,2.0,1.0,0.0,8.0,57.0,166.0,15.0,17.0,11.0,16.0,16.0,16.0,15.0,14.0,28.0,16.0,13.0,7.0,5.0,10.0,1.0
599,0.0,0.0,1.0,0.0,19.0,7.0,44.0,9.0,12.0,6.0,4.0,6.0,11.0,17.0,14.0,10.0,19.0,20.0,26.0,18.0,7.0,6.0,2.0,1.0
600,0.0,0.0,0.0,0.0,0.0,0.0,3.0,64.0,13.0,13.0,17.0,22.0,32.0,28.0,29.0,33.0,253.0,96.0,22.0,41.0,101.0,4.0,0.0,0.0
601,0.0,0.0,0.0,0.0,0.0,0.0,31.0,26.0,46.0,40.0,19.0,18.0,28.0,38.0,38.0,45.0,61.0,165.0,125.0,25.0,14.0,16.0,7.0,1.0
602,2.0,1.0,0.0,1.0,2.0,1.0,11.0,52.0,155.0,28.0,33.0,36.0,29.0,28.0,32.0,28.0,73.0,67.0,46.0,43.0,31.0,7.0,9.0,5.0
603,5.0,4.0,3.0,0.0,1.0,0.0,11.0,63.0,120.0,196.0,123.0,99.0,135.0,176.0,107.0,130.0,194.0,287.0,187.0,91.0,44.0,48.0,21.0,12.0
604,13.0,8.0,4.0,2.0,0.0,0.0,6.0,12.0,28.0,79.0,90.0,105.0,153.0,129.0,143.0,182.0,312.0,497.0,294.0,199.0,116.0,76.0,58.0,22.0
605,24.0,6.0,2.0,0.0,0.0,2.0,6.0,8.0,9.0,33.0,54.0,93.0,149.0,163.0,148.0,223.0,467.0,522.0,239.0,106.0,80.0,66.0,43.0,32.0
619,7.0,5.0,0.0,0.0,0.0,2.0,33.0,36.0,10.0,21.0,8.0,11.0,8.0,18.0,17.0,25.0,42.0,203.0,137.0,13.0,14.0,8.0,1.0,2.0
620,10.0,8.0,5.0,6.0,38.0,239.0,127.0,257.0,339.0,143.0,139.0,182.0,201.0,192.0,168.0,163.0,231.0,519.0,345.0,187.0,106.0,55.0,31.0,19.0
622,7.0,10.0,1.0,0.0,3.0,13.0,72.0,134.0,220.0,204.0,51.0,47.0,52.0,61.0,50.0,58.0,46.0,97.0,87.0,79.0,52.0,38.0,47.0,23.0
623,51.0,32.0,9.0,4.0,2.0,51.0,104.0,287.0,521.0,436.0,373.0,449.0,362.0,348.0,379.0,366.0,439.0,546.0,432.0,328.0,307.0,233.0,149.0,131.0
624,4.0,4.0,0.0,0.0,2.0,3.0,31.0,91.0,84.0,119.0,59.0,62.0,86.0,103.0,69.0,93.0,105.0,261.0,164.0,79.0,34.0,34.0,21.0,16.0
625,0.0,0.0,0.0,0.0,0.0,0.0,5.0,26.0,77.0,43.0,14.0,24.0,51.0,49.0,35.0,25.0,24.0,43.0,29.0,33.0,16.0,5.0,3.0,5.0
626,0.0,0.0,0.0,1.0,0.0,0.0,0.0,1.0,0.0,0.0,0.0,0.0,0.0,4.0,5.0,1.0,1.0,1.0,2.0,2.0,0.0,1.0,1.0,0.0
